Date,Close,High,Low,Open,Volume
2018-01-02,106.22454071044922,106.23403679156993,103.14611418078846,103.51666431416889,11014300
2018-01-03,106.68059539794922,107.54521717870793,105.8919857570429,106.59508717730273,9237900
2018-01-04,106.6330795288086,107.36467634624684,106.06299580217383,107.31716695272203,7417400
2018-01-05,106.05351257324219,107.06064804754561,105.69245853610202,107.06064804754561,6008300
2018-01-08,104.5333023071289,105.73046816999943,104.07724395388469,105.35991803964468,8052600
2018-01-09,104.45729064941406,105.3314084772872,104.3812785124904,104.63781041346233,5838000
2018-01-10,104.01073455810547,104.98936731990322,103.57367561831798,104.47629623869612,6060000
2018-01-11,105.4549331665039,105.54044864120844,104.04874473927364,104.75183895288878,6427000
2018-01-12,106.86111450195312,107.09864698470881,105.46442234352313,105.76846363149376,5899900
2018-01-16,105.16988372802734,107.51670580282983,105.10337492322759,107.43119034013526,8069200
2018-01-17,106.38605499267578,106.6140841581197,105.05587157123946,105.6544508488734,7030700
2018-01-18,104.91334533691406,106.40504903998718,104.70431559207694,106.16751655702066,8070900
2018-01-19,105.07487487792969,105.54993988542319,104.36227736668945,105.43592892293145,10514300
2018-01-22,105.55944061279297,105.99649953904166,104.57130455169815,104.77083098005625,8073600
2018-01-23,104.90385437011719,105.59744519479393,104.40978272207138,104.77082950416911,7477300
2018-01-24,104.9893569946289,105.87297811721002,104.78983057971267,105.42641589143345,7211800
2018-01-25,105.03687286376953,106.24353475660301,104.62831667978658,105.08437501372501,6291000
2018-01-26,106.59508514404297,106.91812585887887,105.15088351006133,105.28390112780747,7743800
2018-01-29,105.97749328613281,106.84210775319276,105.69245140750165,106.50956372740048,6847800
2018-01-30,104.61880493164062,106.81360270328251,104.60930160284765,105.863472793631,8393900
2018-01-31,103.2506103515625,104.62830300064856,103.06058727875126,104.59029693630319,9841400
2018-02-01,104.97986602783203,105.13189031362228,102.0059616140005,103.2031274933894,9518900
2018-02-02,103.27913665771484,105.0653858450227,103.04160413803389,104.46679925611966,9947700
2018-02-05,99.47860717773438,103.21261833305678,98.82302241307846,101.758920606367,15107900
2018-02-06,100.87529754638672,100.90380028576499,96.68522813270356,97.74936906371316,17765100
2018-02-07,99.53560638427734,102.64252784385224,99.20306238232217,102.45250477099658,12445000
2018-02-08,96.29566192626953,100.54274365137435,96.14364491484564,100.21019964302607,12667500
2018-02-09,97.94890594482422,98.5759952737568,95.26004334195568,97.43584208341035,12479700
2018-02-12,98.23393249511719,99.4215949029302,97.00826402038422,98.74700352516234,9584700
2018-02-13,98.92753601074219,99.10805577746646,97.29331128723953,97.52134045247446,8447900
2018-02-14,99.38359069824219,99.53561496877057,97.56884627453589,98.32894588042919,7425700
2018-02-15,99.93464660644531,100.3051966261084,98.7469844283163,100.10567025005248,6494700
2018-02-16,101.21735382080078,101.9964601776489,99.94418302379509,99.94418302379509,8746400
2018-02-20,100.69477844238281,102.20548163068973,100.25771227265587,101.06532855456815,6734500
2018-02-21,99.81114959716797,101.5783918035214,99.78263961087795,100.71377010895544,6743300
2018-02-22,99.99166870117188,100.72327278396621,99.69713075166332,100.05817750425173,4462200
2018-02-23,101.90142822265625,102.00594308792607,100.17219215489507,100.47623342233938,6101100
2018-02-26,104.33377075195312,104.33377075195312,102.30049317529384,102.61403780833705,8138200
2018-02-27,99.64012908935547,102.76605745153363,99.62112243122499,102.61403318215439,14179600
2018-02-28,98.0154037475586,100.30521303207806,97.99639709020758,100.19119483471951,10760800
2018-03-01,97.45481872558594,98.84200744100117,96.27665973764289,98.0533979233254,10487300
2018-03-02,97.85387420654297,98.02489787471615,96.38117724347205,96.91324765604831,7835400
2018-03-05,98.25294494628906,98.78501541670843,97.31231104461932,97.58784960934835,5736700
2018-03-06,99.7066421508789,99.71613823143333,98.34795599320114,98.81351765244393,6216200
2018-03-07,98.42396545410156,99.04155141790005,97.6448591263776,98.54748699621133,6214800
2018-03-08,98.8420181274414,99.37408858295757,98.30994767192524,98.80401205934507,6627000
2018-03-09,99.50711059570312,99.52611000474897,98.47146520426031,99.22206871760281,5618400
2018-03-12,99.9251708984375,100.65677506177109,99.49761529570142,99.49761529570142,6485300
2018-03-13,98.55699920654297,100.55227098182205,98.2624539440556,100.55227098182205,6716700
2018-03-14,98.71849822998047,99.43109565620904,98.30994208231945,99.31707745840275,6235900
2018-03-15,98.09142303466797,99.08906247353717,98.09142303466797,98.81352389281217,5174600
2018-03-16,97.73988342285156,99.07005972869047,97.7113734315117,98.3954682453244,10468000
2018-03-19,96.41919708251953,97.81588211505644,95.9631314859343,97.67336841198299,6528300
2018-03-20,96.29566192626953,97.0557687301362,95.7255854478274,96.4761889231939,8330300
2018-03-21,96.74222564697266,97.80637373929068,96.36217223907938,96.4381843704412,6136400
2018-03-22,95.58307647705078,96.57121254616439,95.40255670645227,96.23866849620227,8911600
2018-03-23,93.62581634521484,96.06765029284327,93.54030087095983,95.82061444922738,7505100
2018-03-26,95.63057708740234,95.75409136634592,94.1388734155998,94.87997358709309,7340100
2018-03-27,94.40489959716797,96.13413558148072,93.95833742145878,95.84909373560647,7193500
2018-03-28,93.62581634521484,95.08901749752889,93.25526620424954,94.53794032673845,9099700
2018-03-29,95.4310531616211,96.22915882896784,93.92984612189805,94.07236706218602,9343600
2018-04-02,93.73981475830078,95.95361180618616,92.90369584851682,95.1840089450582,8203700
2018-04-03,94.46192932128906,94.52843813588147,92.8277044496843,93.87285332030395,8484700
2018-04-04,95.91561889648438,96.10564924245844,92.88470917959204,93.52129452854305,8759200
2018-04-05,97.01776123046875,97.27429310485392,95.94411709112991,96.3051638307242,6612800
2018-04-06,95.34552764892578,97.09377031763059,94.49040934623949,96.56169267989502,7162400
2018-04-09,94.72795867919922,96.44769891896973,94.61394771780928,95.6780886850043,7094300
2018-04-10,96.3146743774414,96.46669139801047,95.31703504346414,95.88711155620138,8116800
2018-04-11,95.77310943603516,96.58071850764067,95.40255930613479,95.75410277613847,6305000
2018-04-12,95.38356018066406,96.44770850251506,94.70896867938154,96.36219302405867,7337800
2018-04-13,95.34552764892578,96.45717781796027,95.16500790924201,95.96311349247229,6324600
2018-04-16,95.24102020263672,95.9631209643421,94.7564591674818,95.6685830117284,10328000
2018-04-17,97.07478332519531,97.47383619764351,95.72560042372749,96.15315603721957,9577400
2018-04-18,96.16265106201172,97.5878459824526,96.15314773284557,97.54983991470424,5822100
2018-04-19,95.85861206054688,96.51420405927553,95.22202672060489,95.96312693712439,6803400
2018-04-20,95.24102020263672,96.34317437834049,94.92748284133528,96.13414463819558,6396900
2018-04-23,95.15552520751953,95.6970990417956,94.566441971551,95.53557867430835,5889800
2018-04-24,94.49993133544922,95.82061148915133,93.92985477072232,95.5640795721451,6567700
2018-04-25,96.10564422607422,96.42868492399377,94.11037281545,94.53792838597087,8977700
2018-04-26,94.86097717285156,96.32417826512332,94.76596562118026,96.18166456207473,8038400
2018-04-27,94.28140258789062,95.00349616482869,94.00586401948665,94.80396973576028,8038000
2018-04-30,95.32654571533203,96.3146817963514,95.12701928295071,95.40255785592969,8558900
2018-05-01,95.06999969482422,95.67808227790579,93.99635546977125,95.18401789749558,6716200
2018-05-02,94.6519546508789,95.69709621701,94.30040393591585,95.17452180948608,9286400
2018-05-03,93.83484649658203,94.30040819500164,92.80870429487115,94.16739056688175,10450800
2018-05-04,96.10564422607422,96.29566731321323,93.66381058686558,93.78732486861433,9980100
2018-05-07,97.36931610107422,97.55933918299019,96.64721534174487,97.2457945738045,10181100
2018-05-08,96.7137222290039,97.52133118451856,95.81109448549806,96.15314182530216,14229500
2018-05-09,94.98448944091797,97.16978391167949,94.34790413306023,97.15078450276678,18345700
2018-05-10,96.6092300415039,96.97978020513007,95.2980530970511,95.4120640711407,8927300
2018-05-11,96.97976684570312,97.11278446309551,96.21016388094488,96.80874315921058,7036000
2018-05-14,97.3313217163086,98.32895388947402,96.89426277631468,97.3313217163086,9891900
2018-05-15,97.78736114501953,98.1674145298386,97.00825496815237,97.33130288236897,5762400
2018-05-16,99.80165100097656,99.80165100097656,98.00590597209519,98.10091751748627,8111600
2018-05-17,99.13655090332031,100.219705665062,98.89901842684245,99.98217318858413,7320600
2018-05-18,98.74700927734375,99.56412164143057,98.39545857454289,99.136558800362,5427300
2018-05-21,98.87051391601562,99.45959705672385,98.44295836559105,99.02253817771417,5848700
2018-05-22,98.88001251220703,100.22919515008886,98.8040003849957,99.19355710026724,6971600
2018-05-23,97.75887298583984,98.18642857693891,96.97976669280575,98.05341095975623,8046600
2018-05-24,97.01776123046875,97.73035863021332,96.16264290099217,97.68284923733077,7474100
2018-05-25,97.10327911376953,97.8633859821293,96.88475328213461,97.15078851138564,6982700
2018-05-29,94.71846008300781,96.58071397506154,94.42391485976687,95.53557244621419,11270400
2018-05-30,94.9939956665039,95.53556944848043,94.46191796481527,95.48806005137594,7216400
2018-05-31,94.50942993164062,95.14601527621872,93.88234066760863,94.78496849472289,9620000
2018-06-01,94.40489959716797,95.06049149332956,94.2528753463243,94.71844417784658,6847700
2018-06-04,95.24102020263672,95.48805600907308,94.72794918107627,94.78496190497138,6598000
2018-06-05,94.95600128173828,95.49757513034862,94.80397699143222,95.35505417041597,5974400
2018-06-06,96.82775115966797,96.85625389965885,94.78497022296085,95.07000487178632,7833000
2018-06-07,97.35980987548828,97.82537148657138,96.73272067577516,96.8277394628219,7559200
2018-06-08,98.79452514648438,98.80402122770242,96.75174410247647,96.99877269465084,7090300
2018-06-11,99.14605712890625,99.56411661937516,98.57598061848617,98.7470042965038,8175000
2018-06-12,99.12705993652344,99.97267501648876,98.77550924359325,99.50711336827462,9215300
2018-06-13,101.00830078125,102.50000433729487,97.54982875005152,98.05339640448034,22009400
2018-06-14,103.32662963867188,104.0297237554822,101.14132790536802,101.14132790536802,18068700
2018-06-15,103.42164611816406,103.96321991285353,102.47151614510071,102.77555744652432,16169200
2018-06-18,101.72090148925781,102.11996154354617,101.18883108209417,101.66389601675189,9288600
2018-06-19,100.80876922607422,101.65438415889912,100.48572857709168,100.59024343386015,8869500
2018-06-20,101.80643463134766,102.5190321571169,100.53325661586985,101.66391367641043,18625900
2018-06-21,100.6092529296875,101.90143015303316,100.51424139098297,101.67340101035914,7707800
2018-06-22,101.03682708740234,101.47389329399091,100.53325931549645,100.78029516076019,8959100
2018-06-25,99.24107360839844,100.78979011661818,98.5664821918093,100.71377797840395,7995800
2018-06-26,99.060546875,99.48810243678395,98.72800285484404,99.25056995825598,6550000
2018-06-27,98.7755126953125,100.59976053276714,98.31945436040711,99.28858375876847,8803300
2018-06-28,99.54511260986328,99.87766389462948,98.50947443408558,98.72800751416769,6303600
2018-06-29,99.58311462402344,100.40973026426957,99.43109760621628,99.6971328240658,6774000
2018-07-02,100.07719421386719,100.11520028357546,98.71850802969234,98.95604052868153,5488900
2018-07-03,98.85152435302734,100.6662688520724,98.33845329206831,100.59976004318419,2406300
2018-07-05,100.0866928100586,100.33372864491268,99.22207826144444,99.4786101772768,6202800
2018-07-06,100.3548583984375,100.60387994709832,99.64611262921717,100.08668471858034,4134500
2018-07-09,101.54249572753906,101.5903870200334,100.32613435434718,100.57515592238417,4725200
2018-07-10,101.55208587646484,102.06928119833925,100.40276781042351,101.76279589358249,4213600
2018-07-11,103.47718811035156,104.7222813140036,100.87205968023294,100.87205968023294,11753800
2018-07-12,103.67832946777344,104.58820564877328,103.2664891600482,103.48677889509536,5931400
2018-07-13,105.35440826416016,105.5842703816338,103.1132361776259,103.43887356844814,8188800
2018-07-16,105.54595947265625,105.7854013111216,104.176351864347,105.1820105087755,8245900
2018-07-17,105.64175415039062,107.8637743734961,105.44061655272547,105.60344257498706,9075900
2018-07-18,106.01526641845703,106.36963564835135,105.0191875341564,105.65131016221784,6414100
2018-07-19,107.39444732666016,109.8367569238494,106.59950600181404,106.82936811338492,17796800
2018-07-20,106.77191162109375,107.46149800236446,106.14936135750513,107.41361401727934,11787900
2018-07-23,106.39838409423828,106.5133188205332,105.68005849606324,106.3600798259925,5447800
2018-07-24,106.02484893798828,107.16459448960673,105.87160995274061,107.11670319642504,5648800
2018-07-25,106.48458099365234,106.71444312616468,105.00003858447563,105.96738571511051,6756800
2018-07-26,108.7161865234375,109.72183797298467,106.96347031641638,107.41362219215047,9466400
2018-07-27,107.86376953125,109.23337723490262,107.19332795256412,109.18548594100166,5717000
2018-07-30,107.87332916259766,108.55334307374189,107.31782967796825,107.46148892827821,5199300
2018-07-31,108.76406860351562,109.2333799122544,107.6147505935775,107.79672874623888,8421200
2018-08-01,108.19898986816406,109.02267045876842,107.83503356099402,108.87900388000055,6466600
2018-08-02,107.98828125,108.53420841059506,106.96347035880628,107.74883938470066,4027300
2018-08-03,109.27168273925781,109.28126245958364,107.65306074910349,108.41927030990007,4747500
2018-08-06,111.04354858398438,111.90553335080426,109.33872387494422,109.81760754859303,12715600
2018-08-07,111.63735961914062,112.92077166375472,111.33087436041241,111.64693933862165,15466900
2018-08-08,109.16634368896484,111.49371902381537,109.08972053466195,111.00525554911717,11722900
2018-08-09,109.33872985839844,109.95170040963832,108.04573802304098,109.23337485985545,7042000
2018-08-10,107.92122650146484,108.99392857609016,107.65305280960479,108.7832185875758,5740200
2018-08-13,107.38488006591797,108.0744664337105,107.00177165679871,107.9020753221512,6080900
2018-08-14,107.98828125,108.4097012712263,107.2220643581678,107.63390465877009,4326400
2018-08-15,108.08404541015625,108.34264669008711,106.76232908032817,107.4423430309257,5183200
2018-08-16,107.72968292236328,108.54378377023556,107.65305977482139,108.51505191670375,5082500
2018-08-17,107.72968292236328,108.09363191240892,107.1645963432238,107.7584147758951,4764500
2018-08-20,107.26036071777344,108.22770776236918,107.18374488520742,108.16066434188343,5167600
2018-08-21,107.64347839355469,108.22771709697157,107.26994968903378,107.50939154101823,4770400
2018-08-22,107.21247863769531,107.98826784667602,107.21247863769531,107.69136230885574,3213000
2018-08-23,107.26995086669922,107.40403772070775,106.81979901087678,107.21248715989141,4257400
2018-08-24,107.20291137695312,107.94038910108551,106.73360737068705,106.91557821799019,5049000
2018-08-27,107.58602905273438,108.12237653449567,107.33700744740817,107.73926805872914,4767700
2018-08-28,107.82544708251953,108.02657734368407,107.46149082282531,107.81586736326842,3131600
2018-08-29,107.70092010498047,107.9595213443358,107.28907991138607,107.82543451918265,4001500
2018-08-30,107.19331359863281,107.67219724477451,106.877248638455,107.33698015391224,3481600
2018-08-31,107.28910064697266,107.53812221632106,106.84852852100879,107.1741732358775,4642800
2018-09-04,106.16851043701172,107.26994436288912,105.97695988780916,107.07839381368655,6391200
2018-09-05,105.22990417480469,106.13978025863861,105.067078167512,105.90991813453475,6388300
2018-09-06,105.60343170166016,105.74709826783459,104.74143961179865,105.35441014077016,5267200
2018-09-07,106.283447265625,106.64739623922559,105.36399145822466,105.43103488249807,4754800
2018-09-10,106.00569915771484,107.18375630858733,105.708793593518,106.73360444855626,4636500
2018-09-11,104.97130584716797,105.93865296965517,104.88511028839638,105.83329797081075,5488600
2018-09-12,104.83721160888672,105.59384868037472,104.56903792424487,104.63608134540533,5236700
2018-09-13,105.9961166381836,106.04400793116342,104.75102339974718,104.92342182441504,5119400
2018-09-14,104.64566802978516,106.55162310721924,104.28171174167423,106.23555811191828,6012400
2018-09-17,104.74144744873047,105.23948330058928,104.02312187129706,104.9521574539273,5592900
2018-09-18,104.90426635742188,105.11497636301681,103.65917307182966,104.29129578142879,4937800
2018-09-19,105.15328216552734,105.5268108614205,104.85637661422388,105.00003587634797,5964600
2018-09-20,106.906005859375,107.22206356577315,105.29695624416726,105.90992683022871,7121800
2018-09-21,105.73751831054688,107.2507924974379,105.73751831054688,107.22205333851953,25753600
2018-09-24,108.00743103027344,108.36180761378048,106.98262016141325,107.52854731011101,9232300
2018-09-25,108.83110046386719,109.86549094717012,107.89249256053243,108.52461520664983,12169400
2018-09-26,110.34439086914062,111.40751336013042,109.195072812107,109.195072812107,11141500
2018-09-27,111.13932037353516,111.67566773291044,110.23901675699688,110.32521961528775,5195300
2018-09-28,112.0013198852539,112.49935570826939,110.47846594955335,110.76579908676032,7366800
2018-10-01,111.33087921142578,112.44189288971631,110.7945318120774,112.32695817249082,8643900
2018-10-02,112.69091796875,112.72922223516696,110.4305862765033,110.67002813112956,6441700
2018-10-03,111.97259521484375,113.11233350258053,111.80976919615077,112.96866692476233,6111700
2018-10-04,111.22553253173828,112.22161156729186,110.25819265802919,112.05879285276883,6442800
2018-10-05,109.93254089355469,111.65652513471484,109.88465690791352,111.10101828954264,5835700
2018-10-08,111.12017059326172,111.25426475194517,109.3004183780205,109.98043235552802,5652300
2018-10-09,111.95343780517578,112.79627053931624,111.13933692568311,111.69484380615982,6761400
2018-10-10,108.09363555908203,112.27908196814309,107.96912842051522,111.90554593807109,9006500
2018-10-11,106.45584106445312,108.46715101251982,105.66089242030587,107.74882550912565,10045400
2018-10-12,107.85418701171875,108.48630969312894,106.53247063627174,107.24121646306054,5963900
2018-10-15,108.64913177490234,109.7792975532193,107.16458944241323,107.20290101371712,6628800
2018-10-16,111.28299713134766,111.45539555654452,109.032237883726,109.51112158625223,7619000
2018-10-17,112.18329620361328,112.26949907186406,110.5550944989955,111.1967969219884,7120600
2018-10-18,111.27342224121094,112.18329839263066,110.69876323467292,111.8193493934999,6056300
2018-10-19,113.87854766845703,114.13714165662506,112.26949811100735,112.46104867208103,10431000
2018-10-22,113.27513885498047,114.63517401645313,112.74837120801904,114.02220351009285,8406400
2018-10-23,112.87287902832031,113.4858495384714,110.53593169856362,112.01088696492508,8607400
2018-10-24,106.89641571044922,112.11624490329973,106.5516188760284,112.11624490329973,11630500
2018-10-25,109.33872985839844,109.84634541109533,107.3848834861268,107.86376718598204,7406900
2018-10-26,108.40970611572266,109.31958232164537,107.3657357366291,108.07448164357477,7984700
2018-10-29,108.26602172851562,110.08578114835797,107.23163124053977,109.61646988738553,9234100
2018-10-30,109.91339111328125,110.03789824723563,107.66263913878176,108.60124711791441,7365400
2018-10-31,109.98043060302734,111.59905251522926,109.83676403380143,111.32130640382714,9196700
2018-11-01,111.19679260253906,111.36919102515823,110.04747465653487,110.33480048944328,6779900
2018-11-02,110.31564331054688,112.0108882994341,109.53985409784076,111.89596089440207,6377900
2018-11-05,110.5742416381836,111.31172661640927,110.25818395470068,110.85199505660239,7920800
2018-11-06,111.78104400634766,111.9055511507141,110.5742549107867,110.8520083625452,5036600
2018-11-07,112.10668182373047,112.33654396341866,110.29650194591645,111.64695023716843,8249800
2018-11-08,111.10102844238281,112.8537446965347,110.3443912511284,112.48978837503819,11074800
2018-11-09,113.01655578613281,115.12364119147463,112.2311867924488,113.20810634764187,16878200
2018-11-12,111.77145385742188,113.45712654553594,111.67567857783042,113.01655441366695,9170600
2018-11-13,111.91512298583984,112.80584699003114,111.27342056002074,112.16414456421204,4650600
2018-11-14,112.17372131347656,113.22726399950514,111.52243918457401,112.48020659136098,7109100
2018-11-15,112.16414642333984,112.47063171442194,110.81369081416874,111.57032797497453,7088700
2018-11-16,111.28299713134766,112.3844238014097,111.09143926602592,111.60863454161651,7141900
2018-11-19,110.5455093383789,112.8537322335593,109.94211851906067,111.1010161729682,9714600
2018-11-20,107.14543914794922,109.75056027662704,106.8102147200872,108.72574947502352,11194600
2018-11-21,108.25645446777344,109.17591034939514,107.55728831636695,107.74883888484347,7242500
2018-11-23,107.3465576171875,108.02657150355752,107.02091294491791,107.49979658099689,3242300
2018-11-26,107.79673767089844,108.40012857999378,107.19333945461679,108.40012857999378,7002400
2018-11-27,109.08970642089844,109.28125697468714,107.66263506577249,108.81195300287516,7357500
2018-11-28,111.19679260253906,111.38835046499663,109.2333738358498,109.49196781618589,9039800
2018-11-29,111.68525695800781,112.19287251021927,110.34438113825837,110.86157641046967,10834700
2018-11-30,110.612548828125,112.12582298968675,110.20070857674263,111.9055332847769,16857800
2018-12-03,110.85200500488281,111.98217091251547,110.05706355771991,111.72357691060675,9273300
2018-12-04,108.10320281982422,111.37876538476017,107.90207255431253,110.73706301757741,10806700
2018-12-06,109.50154876708984,109.51112117993137,106.46542785806294,107.32741267366362,10546200
2018-12-07,108.08271789550781,110.02275774852875,107.72559250454029,109.89728484223154,8305500
2018-12-10,107.9668960571289,108.38193090426041,105.7179861328148,108.09236896854414,7337500
2018-12-11,108.07305145263672,109.76214529902622,107.55184446780133,109.03824793628786,6861800
2018-12-12,108.30469512939453,110.01309700686264,108.24678569757008,109.06720122516342,7723900
2018-12-13,109.44364166259766,109.64633206452208,108.43018228910985,108.94174267171796,6661500
2018-12-14,108.29505157470703,109.95519084361031,108.1502779811466,108.4591405871845,7601900
2018-12-17,106.7700424194336,108.96103529463184,106.20057263955134,108.38191885146684,7731800
2018-12-18,105.64076232910156,107.21403746132381,105.10990863046283,107.01134706396734,6682300
2018-12-19,105.41876983642578,108.22748800680728,105.15816264053412,106.17162197768545,9416900
2018-12-20,103.27603149414062,105.409114999281,102.43630783941171,104.96512546717564,9387300
2018-12-21,100.59278106689453,104.96512006230599,100.24530973551012,102.76447320611466,15530600
2018-12-24,96.85747528076172,100.28392608355804,96.85747528076172,99.63724614261602,7133000
2018-12-26,102.14675903320312,102.16605972530779,96.88643308886061,96.99260530510062,9422800
2018-12-27,102.81272888183594,102.84169096274779,99.22220405458724,100.77617102293337,8201400
2018-12-28,103.56558990478516,104.74312347766852,102.4942211747183,103.546281850553,7620500
2018-12-31,105.83380126953125,105.85310196008207,103.80689002389852,105.31259425827737,7241700
2019-01-02,105.17748260498047,105.3415642720157,103.98064079268494,104.33775884871854,9723500
2019-01-03,102.62935638427734,104.86861220475444,102.25293029887696,104.70453054986005,10594700
2019-01-04,105.79519653320312,106.89552003292034,103.51733204090931,104.18332003005699,10122800
2019-01-07,106.71212768554688,107.5228966127603,105.49598534052461,106.08475582223161,6714700
2019-01-08,107.54220581054688,108.64252937005345,107.30090665514867,107.90898523962628,8730700
2019-01-09,108.74868774414062,108.87416800184855,107.67731904144549,107.90897150312246,5931900
2019-01-10,108.8741683959961,108.98034060034952,107.61940999756374,108.0923542217695,6160100
2019-01-11,108.72940063476562,108.99000048187051,107.841421512355,108.27575704548508,4819100
2019-01-14,108.50740051269531,108.7776543837421,107.55185793610391,107.7642023673166,6980600
2019-01-15,107.87036895751953,109.24094629713356,106.76039144743451,108.39157598044288,9800900
2019-01-16,107.0499496459961,108.11166434599808,106.9534241028336,107.5711492869753,5899900
2019-01-17,107.1464614868164,107.38776060271798,106.32604596552399,106.86655362870682,6392000
2019-01-18,107.17542266845703,108.03444698378286,106.97273228253505,107.96688352180887,8554700
2019-01-22,106.750732421875,107.45532911354061,105.93031686200376,106.77004047581924,6986700
2019-01-23,107.25263977050781,107.9475750780762,106.17161701895972,107.32020323223801,6845600
2019-01-24,106.70248413085938,107.24299185550588,106.10405960438257,107.13681964332669,6716800
2019-01-25,107.22367858886719,107.61941269936764,106.80865115180343,107.5904579817925,5706900
2019-01-28,106.95342254638672,107.12715821213983,106.12335296155125,106.90516713937276,6178800
2019-01-29,107.0403060913086,107.06926081154414,106.17162766491342,106.7990069375247,5253700
2019-01-30,106.2970962524414,106.73143912991392,105.16781802597073,106.4611852668815,7853800
2019-01-31,107.63872528076172,107.65803333718819,106.18128366679734,106.26814782911872,8351600
2019-02-01,107.42637634277344,108.15027373763346,107.06925097698439,108.07305624818743,6557700
2019-02-04,107.90898132324219,108.08271700337806,106.82795849530049,107.53255524359203,7037000
2019-02-05,108.73905944824219,108.81626958464453,107.57116500731357,108.12132680996064,13619800
2019-02-06,107.53255462646484,109.95519274285024,107.20438395970685,109.88762927673322,14229000
2019-02-07,107.08855438232422,107.24298936513152,105.98823090335078,107.18507992851143,8658100
2019-02-08,107.62907409667969,107.65802881623756,106.22953461916872,106.61561472896021,6395500
2019-02-11,105.63111114501953,107.91862222005646,105.44772144693583,107.8800134749933,11086400
2019-02-12,105.39946746826172,106.97274266441885,105.35121205580563,106.37431811181031,7610200
2019-02-13,106.36465454101562,106.63491575475885,105.42842009361364,105.43806675691991,6919700
2019-02-14,106.80864715576172,107.61940867299283,105.72762443558875,106.02683299115763,6324300
2019-02-15,108.67147064208984,108.71007938583952,107.1657664551771,107.52289181196291,8197300
2019-02-19,109.5594711303711,109.81041695126501,108.90313712982956,108.98035462727347,8169600
2019-02-20,109.7235336303711,110.1192603489068,109.34710760089328,109.64631614641037,7081500
2019-02-21,110.31231689453125,110.55361603708717,108.94173953214128,109.45329253614138,9480100
2019-02-22,111.23890686035156,111.7408058464319,109.98414834935234,110.64048232429775,8734700
2019-02-25,109.63667297363281,111.7697638369958,109.51120007267365,111.59602816281718,9327700
2019-02-26,109.5498046875,110.04205697308815,108.92242547863118,109.69458563783358,8956000
2019-02-27,108.85487365722656,109.55947043013366,108.54601103329084,109.16373628116229,7249500
2019-02-28,108.91278076171875,109.48225058467987,108.82591660241225,108.97069756512207,6716700
2019-03-01,110.04206085205078,110.4570956635756,109.50154577601003,109.50154577601003,6996900
2019-03-04,110.35092163085938,110.43778578436746,109.15407262529227,110.43778578436746,6015000
2019-03-05,110.03240966796875,110.5536167026914,109.80076455160273,110.25440812055757,5225100
2019-03-06,110.85282135009766,111.0458650767718,110.03240576236186,110.03240576236186,7352800
2019-03-07,110.04206085205078,110.90108519341477,109.52085383079647,110.85282242031397,6324000
2019-03-08,109.8490219116211,109.87797663119754,108.97069684105146,109.51120457678662,6549100
2019-03-11,110.75630950927734,110.99760865853503,110.06136678119671,110.07102080904939,6952700
2019-03-12,110.73699951171875,111.28716123123912,110.07101155929644,110.72734548467733,9920300
2019-03-13,110.11927032470703,110.85282176105783,109.76215231580005,110.84316773372203,17994500
2019-03-14,110.4957046508789,110.77560517110656,109.96484360107065,110.14823330261629,17409600
2019-03-15,110.95899200439453,111.46089832285097,109.72354162644807,110.51500248506159,14932700
2019-03-18,109.18302917480469,110.03239943170725,108.54599595922917,109.09615766183312,21769800
2019-03-19,106.17162322998047,109.7525016388914,105.97858686056306,109.01895018014739,45384400
2019-03-20,106.16197204589844,107.0209964313862,104.28949564802575,106.47083466355846,35588700
2019-03-21,104.87826538085938,106.31640624324393,104.59835748508986,106.26814346802429,27438900
2019-03-22,104.46321868896484,105.2064167414415,103.76827604236264,104.55973686457853,24133800
2019-03-25,104.03853607177734,105.27398646643937,103.58489251914186,104.71417070515027,18187500
2019-03-26,106.3067398071289,106.49977615774469,104.50181973702587,104.6272999924044,16693100
2019-03-27,106.4418716430664,107.22367847220484,105.9110179724146,106.60595328505704,10794800
2019-03-28,106.8569107055664,107.39741842491279,106.40326714231553,106.75073849442832,11748900
2019-03-29,107.165771484375,107.71593322186288,106.54804628312071,107.67732447630134,16358800
2019-04-01,108.59426879882812,108.94174015520517,107.50359195536362,107.70628235260598,10785100
2019-04-02,108.06340789794922,109.36642180437563,108.02479915119797,109.21199418123612,9231800
2019-04-03,108.60391998291016,109.17338981551156,108.30471138841285,108.7776556683299,10534900
2019-04-04,110.75630950927734,110.86248172405998,109.09617018416597,109.29886058587854,14378400
2019-04-05,110.99759674072266,111.12306963387299,110.33160880384156,110.9686420241391,10907900
2019-04-08,110.95899200439453,111.79871563496678,110.6501294099079,110.99760074918849,11054200
2019-04-09,112.7928695678711,113.0824314787914,111.26785724957266,111.58637387881194,17340300
2019-04-10,113.08242797851562,113.92214423923501,112.23305032683525,113.48780875016395,14091100
2019-04-11,112.54192352294922,113.7580733163463,112.27166964972004,113.63260040773724,12784500
2019-04-12,125.53347778320312,126.34423945935232,121.96225301448953,123.45831081330716,65253500
2019-04-15,127.44453430175781,128.08156750103032,125.27284226328912,126.48899923057829,32773700
2019-04-16,125.3790283203125,127.5314272714029,125.05086502177407,127.16464786260651,14564300
2019-04-17,127.16464233398438,127.75341280410862,124.78060573591821,125.2921587166145,14253700
2019-04-18,127.84027862548828,128.24565940447874,126.54691879808101,127.18395204837907,11890600
2019-04-22,127.09707641601562,127.59898275281465,126.46970454081493,127.30942083821019,10197500
2019-04-23,128.71859741210938,129.56797498944152,128.03330146172024,128.74755212699762,12159300
2019-04-24,130.39805603027344,131.02542787856308,128.10088359474065,128.47730964926046,11449500
2019-04-25,132.4635772705078,134.04649899288492,130.14709675852384,130.64900307861325,16382500
2019-04-26,135.05027770996094,135.16609656439263,132.72415086526996,133.8727369308115,14167600
2019-04-29,134.45188903808594,137.4150349353304,132.82070443113642,137.24130661701287,25746100
2019-04-30,132.20297241210938,134.53874629190165,131.29568530017963,134.27813910006998,15253100
2019-05-01,131.63351440429688,133.36120980375242,131.49838747209213,132.70488319810974,8906700
2019-05-02,129.47146606445312,130.9675236790989,127.77272541958759,130.66831510171588,16580400
2019-05-03,129.65484619140625,130.60073462727567,129.12398517667813,130.5138704778828,8874400
2019-05-06,130.30154418945312,130.62006084257737,127.69551625121039,127.92715401513226,9955600
2019-05-07,128.7958526611328,131.23779918428465,128.13951123317327,130.63938193081552,10972700
2019-05-08,130.29193115234375,130.977212684453,128.67039274772821,128.85378250998536,15423500
2019-05-09,128.9405975341797,131.73001484378247,128.21670015562123,130.33048285744874,15297100
2019-05-10,129.37493896484375,129.64520754811153,126.66273901823246,128.3807876974609,9858500
2019-05-13,126.7689208984375,128.04298750978984,126.00642204666026,126.92335589273445,11389900
2019-05-14,128.56417846679688,129.97337192043696,127.45420831716696,128.8730484343955,12001700
2019-05-15,129.99266052246094,130.50422822866733,127.44454229331743,127.93680194531808,9734100
2019-05-16,130.78414916992188,131.65282028438557,130.11816110922456,130.58145138842303,9689400
2019-05-17,130.34014892578125,131.24743613175647,129.36530561283556,129.58729671821288,8964200
2019-05-20,129.24948120117188,129.72241811293847,128.61244790578226,129.57764451295512,8009000
2019-05-21,129.42318725585938,129.88649215156443,128.4772988673205,129.88649215156443,7050300
2019-05-22,129.19154357910156,129.5003987676023,128.74754675645448,129.16258886542113,5093700
2019-05-23,128.11053466796875,128.90200291266726,127.35768253301345,128.0912413408278,6743300
2019-05-24,128.16844177246094,128.65104004135415,127.61828740434245,128.46766507046826,4570100
2019-05-28,128.00437927246094,129.37495679377105,127.97542455021535,128.57385650799998,8938400
2019-05-29,126.99092102050781,127.55072207615449,126.22840747525521,127.36734709736321,7749600
2019-05-30,127.5989761352539,128.06226633795535,126.76890654456007,127.29012090936294,5274000
2019-05-31,127.44453430175781,128.30355856342072,126.22839206219786,126.40213508369455,7420700
2019-06-03,127.85958862304688,128.32287884497202,126.9137001243616,127.4252531195089,7901400
2019-06-04,130.12779235839844,130.18570178891733,128.29391026816907,128.80546320805797,8247500
2019-06-05,131.2088165283203,131.26672596274943,130.24362001388832,130.69726355388977,6842800
2019-06-06,132.4346160888672,132.65660715648832,131.00611468816095,131.75896676768443,6027300
2019-06-07,133.23573303222656,133.93067576687037,132.5504516893923,132.8110588968166,7026300
2019-06-10,132.29949951171875,134.046502928396,131.33430295198715,134.046502928396,8479500
2019-06-11,130.37876892089844,132.95584228164304,130.24364197520242,132.80140727863832,6352200
2019-06-12,130.99649047851562,131.53699824592292,130.12781938485847,130.38841187631638,5537000
2019-06-13,136.80694580078125,136.91311799603452,132.82067987540606,133.1488431233785,17939500
2019-06-14,136.7200927734375,137.9748513015033,135.63907729214088,137.10618025085154,11125200
2019-06-17,136.0637664794922,136.55601144567694,134.26850020647595,135.90933148815648,8542700
2019-06-18,134.3939666748047,138.51534514769892,134.1333594946581,137.04825706388297,11231400
2019-06-19,136.0155029296875,136.16029125614003,133.75694642324865,134.65457219078283,6877100
2019-06-20,137.07720947265625,137.27989248778974,135.04064429203768,137.03859336557298,8485800
2019-06-21,135.34950256347656,137.0579045110762,135.12751148979345,137.00964173999813,14150000
2019-06-24,134.3746795654297,135.58117538488102,133.00410208186085,135.2433506643418,10497400
2019-06-25,135.06959533691406,135.52323885256862,133.84379170560945,134.18161635862174,14675400
2019-06-26,135.51358032226562,135.84175831956045,134.6545560415038,135.47497894314657,8842100
2019-06-27,134.45188903808594,136.80697109348776,134.0851096179961,136.09272030903156,6466300
2019-06-28,134.780029296875,135.3301983329208,133.78587814923708,134.55803824107892,20078800
2019-07-01,136.7200927734375,137.0096546995652,134.374672100039,135.56185979665807,8972400
2019-07-02,137.56947326660156,137.88798991898366,136.35333082565032,136.47879637157178,7554100
2019-07-03,138.00379943847656,138.0231074933591,137.0579109374615,137.7335455810437,4150900
2019-07-05,138.34371948242188,138.77103837066028,136.64416515261587,137.3434115481082,5596000
2019-07-08,136.95494079589844,138.13005285853598,136.90637913949774,138.08149120213528,4993900
2019-07-09,137.52793884277344,137.63476856629504,135.72155476618687,136.02261630912832,7396300
2019-07-10,139.4022979736328,140.09183797725044,137.9164030613649,138.295160297454,9533700
2019-07-11,139.42172241210938,141.15041076486398,139.40229478484875,139.85874770237876,10471100
2019-07-12,140.70367431640625,141.23780808705644,139.8490365730665,139.99470672525527,8510000
2019-07-15,140.87847900390625,141.16983412826505,139.8199030437086,140.94646828779608,5289200
2019-07-16,140.140380859375,140.81049314549801,139.66450036746284,140.5774061010834,5854700
2019-07-17,138.4602508544922,140.5094132734312,138.266004246252,140.43173241285788,5296400
2019-07-18,137.54736328125,138.35343939114384,136.12944287637876,138.35343939114384,8031700
2019-07-19,135.8186798095703,138.1397849056077,135.71185008469251,138.1397849056077,6109900
2019-07-22,136.78012084960938,137.3628310845094,135.974044779537,137.1783056828265,7706400
2019-07-23,137.1880340576172,138.4311355934833,136.22658128067,137.5667913252805,7514500
2019-07-24,137.21714782714844,137.50850294823107,136.3528036865967,137.3239775442475,5896600
2019-07-25,139.08181762695312,139.10123043488358,136.97435727044882,137.32398045938243,7294400
2019-07-26,140.48028564453125,141.00472780036984,138.9264164403841,139.59652874010212,8139400
2019-07-29,142.17013549804688,142.90822226944607,140.98530224728992,141.39319347508447,11674100
2019-07-30,140.75221252441406,142.56831761765812,140.4414446124868,141.558288561288,6563100
2019-07-31,138.88755798339844,140.82019915489286,138.2368733241964,140.81049275183707,9710700
2019-08-01,137.76100158691406,140.36374010912317,137.18799781525985,139.20804098212162,8911700
2019-08-02,137.62506103515625,138.12035439346235,135.90607906854197,136.9258146358195,6539100
2019-08-05,134.3133544921875,136.187713022263,133.0799594792474,135.12913701867825,10669700
2019-08-06,137.78042602539062,137.8581217097841,134.38131763259386,136.3625205372856,18818900
2019-08-07,130.97250366210938,131.953383898255,128.44744576967994,131.04047812454687,29084500
2019-08-08,133.91517639160156,134.0220061196719,132.08936460965003,133.92488279635756,14054800
2019-08-09,134.52700805664062,135.22625442561852,132.8177325685004,133.14794294530566,8811900
2019-08-12,131.83685302734375,133.60439658617776,131.33183846497155,133.35188189552304,7918900
2019-08-13,133.06051635742188,133.9442880676775,131.10846236371248,131.10846236371248,8145400
2019-08-14,129.02044677734375,131.25413468850607,128.85533418873501,131.16673260202123,11797700
2019-08-15,129.56430053710938,130.40921700315332,128.6513947918068,129.6517026227823,7590100
2019-08-16,131.30270385742188,131.59405898131556,129.97220040166332,130.1567258074272,6353800
2019-08-19,131.39010620117188,133.6529430939473,130.40922592841503,132.84686700449996,11741800
2019-08-20,131.23472595214844,132.11848288557667,129.41862079155302,129.48661007355193,8628000
2019-08-21,131.8465576171875,132.13791273835264,130.18585861873913,130.72971360814765,6325000
2019-08-22,132.15733337402344,132.7303223633451,130.807402375672,132.2738694887502,6967100
2019-08-23,127.87443542480469,132.50693798269347,127.24317846651219,131.60373876322376,10190900
2019-08-26,130.72970581054688,130.75883983903194,128.72909015357988,130.32181459281986,8093800
2019-08-27,130.61317443847656,132.06993519136145,130.32181932411225,131.85627576209006,6013600
2019-08-28,132.61380004882812,132.78860423910896,129.671144294265,130.1955716840453,5950500
2019-08-29,133.86660766601562,134.68239019062952,133.45871640370868,134.13853517422027,6532700
2019-08-30,133.30331420898438,134.50757508973126,132.81772729530303,134.303622065653,5622200
2019-09-03,132.38070678710938,132.4875365047102,131.16673945934417,132.43897484781218,5997400
2019-09-04,133.91517639160156,134.21623794736198,132.45841545551818,132.79833226817973,4285400
2019-09-05,134.83778381347656,135.2553963059068,134.33278404352384,134.9154795055319,5143500
2019-09-06,135.5272979736328,135.77979781045755,134.2647691516387,135.11940678233043,4090000
2019-09-09,134.82806396484375,136.04203124665037,134.48814719836327,135.55644433392771,5458700
2019-09-10,131.87570190429688,134.44932171933067,130.7005897434148,134.1385389475329,10974600
2019-09-11,132.26417541503906,132.31273707368084,131.04048682059184,131.65233111781546,7896400
2019-09-12,133.53640747070312,134.67267912327227,132.6040740327571,132.8954291582988,7333900
2019-09-13,134.0414276123047,134.2356594311037,133.15765579499063,133.87632982537863,5209100
2019-09-16,131.8854217529297,133.28391457356483,131.39983479126127,132.36128749124438,6329300
2019-09-17,132.38070678710938,132.78859803096603,131.7591561080511,131.88541345219852,4726500
2019-09-18,132.85658264160156,133.11880372447845,131.80771312903065,132.47782544141788,6857900
2019-09-19,129.4574737548828,133.40043711087358,129.1661186437787,133.05081394133597,12216100
2019-09-20,128.45716857910156,129.38948717134602,127.81619028509797,129.19525536620648,25231600
2019-09-23,128.64169311523438,129.0592907525283,128.088116914427,128.1852402258118,6096100
2019-09-24,128.1658172607422,130.28296919170774,127.70936435471985,130.14700544218644,11904000
2019-09-25,129.25352478027344,129.57401393063355,127.4374344138364,127.99099580523153,6523000
2019-09-26,127.4859848022461,129.45746636774425,125.33968425248644,129.30207500816417,11615100
2019-09-27,126.2137680053711,127.2237823525703,125.20373883923403,126.34973176016594,8401300
2019-09-30,126.56338500976562,127.08781237574549,126.07779807799508,126.59251904015689,5532500
2019-10-01,125.8155746459961,127.98128817211891,125.77671939357218,127.02954195284875,5978500
2019-10-02,125.41739654541016,125.49509223549198,123.89265382253134,124.80555224785185,8296100
2019-10-03,124.45591735839844,125.69901864503372,123.86350815322504,124.89295742641274,8498700
2019-10-04,126.51480865478516,126.67990641413424,124.90265667205578,124.98035235038513,6732900
2019-10-07,127.12664794921875,127.77734745357621,125.3202640393426,126.51481851545864,5784100
2019-10-08,124.7667007446289,126.29143592278457,124.66957743590771,126.1554721819367,6526000
2019-10-09,125.6019058227539,126.10692033394511,124.36851098191481,125.37854000429724,5004600
2019-10-10,125.61161804199219,126.38856006004598,125.16488638439334,125.49508192591186,4512000
2019-10-11,126.27202606201172,127.21406586662624,126.09720706602246,126.54395355005131,6559000
2019-10-14,125.96125793457031,126.54396823021825,125.74759848076195,126.37887043753696,3710300
2019-10-15,126.01952362060547,127.11695490181201,125.66990041360664,126.26231710271749,5914700
2019-10-16,127.08781433105469,128.02985417869826,125.96124907546933,126.01951713714834,7610800
2019-10-17,128.55429077148438,129.59345400907048,126.74790663521098,128.70968215972988,8005100
2019-10-18,127.11695098876953,129.32151988778608,127.11695098876953,128.55428420932458,8694000
2019-10-21,126.50509643554688,127.93272313620409,126.27202420290828,127.65108924878697,6257100
2019-10-22,128.5834197998047,129.82652121950906,128.29207948185666,129.31180023255044,9291600
2019-10-23,127.35005187988281,128.85535973085223,126.99070742154301,128.631993859247,5970800
2019-10-24,126.50509643554688,127.90358910712426,125.89326700593412,127.72878493264531,5746300
2019-10-25,127.12664794921875,127.961858032687,126.28173146230358,126.73818434623021,6696000
2019-10-28,126.767333984375,128.272656564445,126.38857673819699,127.66081223641189,8940300
2019-10-29,125.74758911132812,127.00041170794208,125.70874867668351,126.73819061254471,9305100
2019-10-30,125.86415100097656,126.55367621318975,125.42711086432082,125.95155310073227,10880000
2019-10-31,126.1749038696289,126.39826970415524,125.03863225190344,125.79614666372042,9628300
2019-11-01,128.92332458496094,128.97188623974068,126.74788989368194,127.21406399684373,8507600
2019-11-04,129.0884246826172,130.27325794970213,128.65139941959592,130.2538303236528,7631800
2019-11-05,127.66079711914062,128.94275368912992,127.1169421448191,128.94275368912992,7404500
2019-11-06,127.4859848022461,127.86474197938772,126.8935682104158,127.8064739242791,9132500
2019-11-07,129.12728881835938,129.8459480233227,127.95216187398486,128.53487214406007,18047600
2019-11-08,133.98316955566406,136.20715146205538,132.7983361078765,136.17801742800643,24175900
2019-11-11,132.79832458496094,134.56585337929806,132.28360360283975,133.53641141505568,10138400
2019-11-12,134.5852813720703,135.3233682041692,132.7983249455544,134.05113276117214,17284000
2019-11-13,144.4329833984375,145.5983891130759,132.89543273996057,134.58528065849575,45725400
2019-11-14,142.90821838378906,146.28791386894156,142.063301921969,143.73372203929188,28393600
2019-11-15,140.49972534179688,142.95679410591742,140.05299364955908,142.89852604335923,13733400
2019-11-18,143.39381408691406,144.74374515565432,139.54797391103605,140.5774158286303,15353100
2019-11-19,144.10275268554688,145.171034822208,142.5682965215711,143.9085060980321,11504300
2019-11-20,142.694580078125,144.6952108450552,141.82052945855477,143.82114540654666,9448400
2019-11-21,142.66543579101562,143.21901201084205,142.04388510603385,142.91795048171704,6241400
2019-11-22,144.01535034179688,145.13220905709406,142.45175999552924,142.96649572172038,9639400
2019-11-25,145.37501525878906,145.88002980759458,143.44237397202684,144.5106711293199,11316800
2019-11-26,147.26882934570312,148.98781152844776,146.26852128011956,147.37565908178195,24949900
2019-11-27,147.11341857910156,148.1720093950588,146.7929294130526,147.90978829212096,6155400
2019-11-29,147.2105255126953,148.07486959683214,146.65694933687595,147.11340220569457,6284900
2019-12-02,146.2781982421875,148.56046268133423,144.80202468306044,148.53132865180783,10351000
2019-12-03,144.2969970703125,144.8117179705749,142.6362834430393,143.4812146795874,9273800
2019-12-04,144.0056610107422,145.02539654335936,143.90853769565967,144.99626251262208,7684800
2019-12-05,143.1898651123047,144.5397960795742,142.859669582224,144.40383234254475,7363300
2019-12-06,143.40353393554688,144.3261461272522,142.93735981892652,144.1221930988637,7084900
2019-12-09,141.99533081054688,144.22901874246762,141.20866756806345,143.69488499636094,11515000
2019-12-10,141.88853454589844,142.61691508295348,140.86879883023337,141.07273708200242,7084100
2019-12-11,143.33555603027344,143.62691117155305,142.52947989427298,143.14132420906637,8253700
2019-12-12,143.50062561035156,144.63689710093323,143.00533234079603,143.6560169643461,7748300
2019-12-13,143.0121612548828,144.39948876099555,142.94376462688564,144.0379914130654,9350100
2019-12-16,145.04429626464844,145.229912295605,143.1782372285102,144.19430275111134,9134400
2019-12-17,144.33108520507812,145.044300401149,144.22361544318534,144.69258253565636,8776100
2019-12-18,142.89491271972656,144.54603237261009,142.8265309991175,144.3701808844251,9467800
2019-12-19,142.78744506835938,143.42249912534604,141.9765544283037,142.8167536501579,10243900
2019-12-20,143.50064086914062,144.47763321730696,142.41617876636718,143.764418069587,12629900
2019-12-23,141.35125732421875,142.96330377501604,141.0093189190591,142.55296874419165,9314000
2019-12-24,141.94720458984375,142.0839829154215,141.12653463637724,141.25354840574207,3508500
2019-12-26,142.34779357910156,142.5041159452162,141.82998878560298,142.05469286956694,4422000
2019-12-27,142.39663696289062,143.13914579228143,142.10353627233204,142.68973765344924,5495300
2019-12-30,140.4622039794922,142.51387911075287,140.1007066479177,142.3966447911726,6602800
2019-12-31,141.30242919921875,141.4392075520907,139.9639393449836,140.36450984543802,5662900
2020-01-02,144.79025268554688,144.79025268554688,141.76158556696657,141.94720157738908,9502100
2020-01-03,143.12939453125,144.4971780039548,142.68975090843216,143.03168932274747,7320200
2020-01-06,142.29891967773438,142.67018151475796,140.9897535998458,142.1914499305812,8262500
2020-01-07,142.34779357910156,143.49087292933734,142.0742368922616,142.6311297311495,6906500
2020-01-08,142.0546875,142.76790267804353,141.48804503276546,142.14262814494123,6984200
2020-01-09,141.49781799316406,143.2564073806162,141.28287846204648,143.10008501112677,6664200
2020-01-10,141.29263305664062,142.152391120486,140.94091520395122,141.95699562626314,5152500
2020-01-13,140.56967163085938,141.41965025049527,140.06163140743837,141.41965025049527,9921300
2020-01-14,141.85928344726562,143.3443159642081,139.016232186852,140.11047373457168,14839100
2020-01-15,140.99954223632812,142.35756099812676,140.6185009107716,142.35756099812676,6818200
2020-01-16,141.7811279296875,142.08399317907907,141.1167802739538,141.75181935121222,6948400
2020-01-17,141.00930786132812,142.28916545638006,140.69666315318588,142.19146025815556,10355300
2020-01-21,140.2570343017578,141.26333533669373,139.71968547054888,140.92139692244933,9250200
2020-01-22,140.69667053222656,141.45872341364003,140.23748291038498,141.12654957460768,7550000
2020-01-23,138.92831420898438,140.30587705011897,137.41397303021577,140.29611249304537,11082000
2020-01-24,136.8571014404297,138.97717322548772,135.9973433312001,138.14672369655264,13076300
2020-01-27,132.77328491210938,134.56118311237995,131.89399755814452,132.7342117685276,12831800
2020-01-28,135.18643188476562,135.7335452365176,132.73418635897704,133.35946089065368,10390000
2020-01-29,132.92959594726562,135.48931150335005,132.6658038005194,135.41116522286157,9382700
2020-01-30,134.63934326171875,134.67843131272062,131.727909586466,131.98192228708422,11847300
2020-01-31,135.12782287597656,135.47954075298844,133.9065823179799,135.2157486182991,12379100
2020-02-03,138.06858825683594,138.557084510378,136.534702865007,136.57377600589243,12639900
2020-02-04,141.40011596679688,142.24033008705536,139.95417128578995,142.14263978471766,23519700
2020-02-05,138.11740112304688,143.91097340041,135.3818345212335,143.22708174995665,27824100
2020-02-06,139.41680908203125,140.63804955210463,137.97086453962615,138.6547562213231,9504600
2020-02-07,137.7754669189453,138.7231507017093,136.89616484943502,138.6254455025236,10948900
2020-02-10,139.30934143066406,139.30934143066406,137.22835777544532,137.78523568620386,8162100
2020-02-11,137.76568603515625,139.70014162351822,137.22835216833144,139.56336329069953,10790100
2020-02-12,138.58636474609375,138.94784712930493,137.6289015514335,138.0880891284572,8168200
2020-02-13,137.65823364257812,138.63522611671345,137.58008736344274,137.92202578475684,7543100
2020-02-14,136.3295135498047,138.0294857002306,135.92895799387094,137.8536342231457,9110500
2020-02-18,135.938720703125,136.44676092066547,134.92265517576485,135.82148638666212,8214900
2020-02-19,138.0490264892578,138.6059043947052,136.02664510382107,136.41745100105845,7080900
2020-02-20,137.14041137695312,138.3714312786959,135.65539373875072,138.3714312786959,5981700
2020-02-21,135.77264404296875,136.66171076390197,135.39161757795765,136.64216674044135,7725800
2020-02-24,129.9497528076172,131.34685968142279,128.19117842664468,129.8422830480937,19336500
2020-02-25,125.24065399169922,130.85836010557057,125.03548648896019,130.67272917048564,21032500
2020-02-26,120.52178192138672,125.41650843235236,119.32007800104412,123.21828300698591,31195900
2020-02-27,115.32418060302734,120.07236413210151,115.20693883487802,117.05345382353349,30827500
2020-02-28,114.94316101074219,115.58797213926653,110.60531223138294,111.87540537336888,35389900
2020-03-02,117.21955108642578,117.21955108642578,113.36042664547664,116.38910158578352,21775900
2020-03-03,113.77075958251953,118.97813075286686,112.50067396180624,118.3626282373269,19529700
2020-03-04,116.43795013427734,116.49656729082902,112.82308137229353,116.22301062177428,13842100
2020-03-05,111.35760498046875,114.26903836612668,109.53062637866819,114.17134060992505,22397200
2020-03-06,112.61791229248047,113.20411370402306,107.78180282427813,108.21168187171321,22899600
2020-03-09,101.94916534423828,107.88928150170224,101.88077616775497,106.1893166477875,26233600
2020-03-10,108.89557647705078,109.01281825325047,100.07333593573011,105.61288128206716,24083700
2020-03-11,103.08246612548828,106.39446963391077,100.4934348773304,105.92551002079902,24771300
2020-03-12,89.69766235351562,97.69923182523776,89.53157544833908,95.37399279118664,40392900
2020-03-13,100.1612548828125,100.50320817673254,90.12754648353142,98.46129023947229,40960100
2020-03-16,92.82405853271484,96.01882069430866,87.92932407227697,89.68791353526697,35379500
2020-03-17,91.37809753417969,95.21767794562732,89.05285831689824,93.59587444553634,27526200
2020-03-18,86.75692749023438,87.28449682311978,77.25078822551828,85.57476013516698,43592500
2020-03-19,92.74589538574219,95.15906797693091,83.1518296377562,85.97533727702225,30866800
2020-03-20,84.00181579589844,94.75849751685237,83.86502999263489,93.78150504748508,31957800
2020-03-23,83.786865234375,85.27189031269766,79.2243053378898,82.54608078739315,32246600
2020-03-24,95.86249542236328,96.88833295347065,89.68790385229192,90.20570862330712,32538100
2020-03-25,98.4124526977539,103.48303844099894,93.31255091978674,98.3440635244573,28533000
2020-03-26,102.9359130859375,105.25138760494231,98.48083042036872,98.5101389978222,24520300
2020-03-27,94.18207550048828,99.15496358974553,93.34186138085622,98.13889052754254,30591500
2020-03-30,97.50384521484375,98.14865632755348,89.9809992074933,93.79127108613983,23119200
2020-03-31,94.37745666503906,100.78653135583893,93.94758511266421,97.91417154847039,21563200
2020-04-01,92.73612213134766,95.15906670184165,90.43041933895948,91.34879463280282,18303900
2020-04-02,94.73895263671875,95.02228132244515,92.03267955980188,92.03267955980188,13936500
2020-04-03,91.72004699707031,94.69010489013392,90.57696763850926,94.0941389092375,14814600
2020-04-06,97.28890228271484,97.88486822649516,92.3453158071952,95.02228027573179,20407400
2020-04-07,98.91069793701172,103.45371360312966,97.94347765127682,102.44741273110067,22899600
2020-04-08,98.74462127685547,99.99517035252723,96.38030146479728,98.21704448795762,22562500
2020-04-09,102.09571075439453,105.50541230877604,101.14802688778863,105.43702313561175,31453600
2020-04-13,101.11872100830078,102.45720338039966,97.31822088265517,102.30088100678475,17306000
2020-04-14,103.59050750732422,105.16346593638708,101.50951628775385,103.07270270530864,19866900
2020-04-15,100.99171447753906,102.46696774294608,100.3371238566012,101.98824351892014,14157600
2020-04-16,99.67276000976562,101.33365153944402,98.56876129620285,101.14802060073882,18029300
2020-04-17,104.17669677734375,104.3330191389698,101.94915530119586,103.76636175886608,17926900
2020-04-20,99.9072494506836,102.44742831533259,99.65322932806046,101.19687917912759,17021000
2020-04-21,98.22682189941406,99.17450576932245,96.84925896591155,97.70901709309979,16101400
2020-04-22,98.66646575927734,100.26873278617897,98.56876800473181,99.45783471497622,11463800
2020-04-23,98.67623138427734,100.17102854827299,97.17166220930135,98.33428553856925,17132200
2020-04-24,98.86185455322266,99.5750547676631,97.2302717253231,99.43827644013042,13614100
2020-04-27,103.61981201171875,104.06922762322003,99.27219879425819,99.65322523561494,15518300
2020-04-28,103.76636505126953,107.52778441438187,103.54166096662803,106.2870073085135,16503700
2020-04-29,109.66739654541016,110.10704014244446,106.06229221583126,107.41054649394263,20139800
2020-04-30,105.66172790527344,107.77202758040173,104.40140683443751,106.92204897610938,18638700
2020-05-01,103.07269287109375,104.45025566172613,102.06639194373764,103.91290688796313,13209100
2020-05-04,100.80608367919922,101.44113027752792,98.2365961581683,99.66300427452418,19514800
2020-05-05,98.7348403930664,102.76005139079001,98.57852549958479,99.17449140456925,30169800
2020-05-06,98.55899047851562,102.84798651167512,96.58546911321969,99.14519188071128,51992400
2020-05-07,103.1410903930664,103.18017098467519,99.48714079704457,99.5066773659186,20868800
2020-05-08,106.64849090576172,106.66802747350327,104.17669394335009,106.54102114853251,24079700
2020-05-11,105.29046630859375,106.30653928593557,103.96176351930409,105.90597628311583,20555900
2020-05-12,102.15432739257812,106.92205528198295,102.08593821976424,106.55079338339833,17049700
2020-05-13,100.55205535888672,102.13478571988487,99.26242569750836,102.09570512967821,21085800
2020-05-14,103.47327423095703,103.48303878870303,97.36707140231103,99.63369359414999,22002200
2020-05-15,106.54102325439453,106.86342507859442,101.8709933626683,102.56466451989877,29766000
2020-05-18,114.16156005859375,117.02414807895306,111.83632083793995,111.83632083793995,40044600
2020-05-19,111.7386245727539,113.79030714220444,110.81047731128923,112.45182485762177,20332600
2020-05-20,117.16092681884766,118.08907407116214,113.37019899024473,113.74145341885425,25749900
2020-05-21,115.1190185546875,117.5321910229687,113.81961684809599,116.59427174104627,17578300
2020-05-22,115.30464935302734,115.84199819923877,114.14203336900974,114.7966165424956,9288200
2020-05-26,118.16722106933594,119.69133419516932,117.65918832996485,118.26492626686043,16466400
2020-05-27,118.73388671875,120.93211964724976,116.95576082585127,120.83442189675522,19345400
2020-05-28,114.0638656616211,119.17353932599026,113.3311213425957,118.8022774338799,18606000
2020-05-29,114.60121154785156,115.04085514648503,111.49437541644176,113.51674938710453,17745100
2020-06-01,116.03738403320312,116.89714211541377,114.23972159559989,114.56213087642888,10538300
2020-06-02,116.01785278320312,117.0925429813701,115.1190215231988,116.26210089432566,10753100
2020-06-03,119.36892700195312,119.632711659806,116.57472825232246,117.22931134546792,12584300
2020-06-04,120.84419250488281,121.63555396471912,119.04652261044096,119.14422035980117,14195100
2020-06-05,121.94819641113281,124.87917373950857,121.42061959756188,123.40391306381174,16581600
2020-06-08,124.3515853881836,124.50790774237937,121.08843450987777,122.22174176235676,13858100
2020-06-09,121.03959655761719,122.89588374208911,120.6683421022672,122.73956136897691,10882800
2020-06-10,119.36892700195312,121.24475054672527,118.14768655032644,121.16658936889472,11497100
2020-06-11,110.04843139648438,115.2851116401776,109.66740492889775,114.89431316079462,26078800
2020-06-12,112.83285522460938,114.30811590153067,110.29267636201419,112.52021794081091,18361900
2020-06-15,114.38626861572266,115.40234157629341,109.13981689868166,109.50130675943652,14156400
2020-06-16,115.7149887084961,118.7045832343479,113.37997733830215,118.45056310906988,12951200
2020-06-17,114.94316101074219,116.48681084082092,114.44489278379561,115.91038143045905,8921600
2020-06-18,115.64659118652344,115.8029060919683,113.2627273841415,114.19086716747003,9577300
2020-06-19,111.71907806396484,117.3563283162275,111.71907806396484,117.21954997823232,23496300
2020-06-22,113.25296020507812,113.51675233419508,110.50761387393023,111.5627674826767,12868000
2020-06-23,113.90754699707031,114.74776110649724,113.3018164441306,114.26903688959243,10187600
2020-06-24,109.49153900146484,113.33111946779543,107.4984735922231,113.18456911564256,22252500
2020-06-25,108.79788208007812,108.94443244138341,106.00368301893825,106.48240724226527,17240400
2020-06-26,106.5898666381836,108.64154913522829,105.53471308409424,108.39730104144058,15270900
2020-06-29,108.95419311523438,109.00304571854828,105.61288077511978,106.49217545774486,12584300
2020-06-30,108.94442749023438,109.47200429464029,107.4007776685127,108.9346554788952,10565900
2020-07-01,110.40991973876953,112.94032662651998,109.7064839765631,110.22428878655924,11930900
2020-07-02,109.59900665283203,112.45182264386327,109.42314772440625,112.3541248955957,10312000
2020-07-06,111.79724884033203,111.89494659673467,110.30245155117463,111.21105484805516,11933400
2020-07-07,111.01564025878906,112.4322836668278,110.01911132163443,111.01564025878906,10836500
2020-07-08,113.97594451904297,114.43512471624618,110.21451756655269,110.86910818288936,13629500
2020-07-09,114.12247467041016,115.13854761467964,112.72537530377211,113.82938143605135,13582900
2020-07-10,116.59426879882812,116.69197400138076,113.53628528698566,114.14202325505401,14207900
2020-07-13,113.54605865478516,117.36609508747735,113.223649371774,117.18047159890226,15620200
2020-07-14,115.92992401123047,116.34025903826564,111.9047125617399,112.57883971605527,12425100
2020-07-15,118.1183853149414,119.28100122853917,116.94598993618165,118.83158560886582,15314200
2020-07-16,116.68220520019531,117.22931857101068,114.89430727988858,115.01154905386072,10210100
2020-07-17,115.92015075683594,116.80920997254458,114.36672895134643,116.16439885895575,9843500
2020-07-20,115.07994079589844,115.76383252469459,114.13225693323747,115.33396091824878,8947900
2020-07-21,115.8908462524414,117.62011959656007,114.9529344017834,115.33396085818006,8946300
2020-07-22,116.29141235351562,116.55520449421947,115.21672212874765,115.47074225768368,7063300
2020-07-23,115.40235137939453,116.60404792395988,114.31788915886821,116.12532370845845,7255800
2020-07-24,114.90408325195312,115.49027723429876,112.87193715621808,113.03802408467484,8233300
2020-07-27,113.63397216796875,114.71843421861556,113.01846970159883,114.50349471973281,9413000
2020-07-28,113.5069808959961,114.15179202424551,112.04149224995751,112.80354515327987,6821100
2020-07-29,112.9500961303711,114.02478631927603,112.46159991233606,113.5460621126827,9496500
2020-07-30,112.99894714355469,113.61444968622739,110.76163360197523,112.26620282681358,9713500
2020-07-31,114.24949645996094,114.35696622292123,111.494378122142,112.5690682978843,9601000
2020-08-03,113.67305755615234,114.42534583401942,112.6960652136777,113.49719863635251,10229200
2020-08-04,114.59143829345703,115.62704784140384,113.09664112968915,113.29203662610388,17293900
2020-08-05,124.67401123046875,127.31188795045422,120.44363199427376,120.53156519366586,53000200
2020-08-06,127.81015014648438,128.6015115880533,122.72001329369213,124.03895151426046,27238000
2020-08-07,126.94062805175781,128.90439251278795,125.69985831342171,127.22396422437365,16088600
2020-08-10,125.82683563232422,128.29863994254302,125.53374985947445,126.76475482860312,8529200
2020-08-11,127.48775482177734,129.7055170306868,127.00902313701933,127.52682796180632,13885700
2020-08-12,128.75782775878906,129.9399951765598,127.48774950654887,127.66360099093106,12204200
2020-08-13,127.94692993164062,129.30494875719663,127.4486542718856,127.63428521118878,6468600
2020-08-14,127.5268325805664,128.0641814486907,126.75501504833174,127.01879229545592,6507600
2020-08-17,126.39349365234375,127.14578192471642,125.58258822508594,127.10670879069964,7492200
2020-08-18,125.95387268066406,126.60845587385514,125.40675925995049,126.46191296035066,6714600
2020-08-19,124.830322265625,127.22395824444573,124.49814840992252,126.27627437374265,7624200
2020-08-20,125.1722640991211,125.49467338669707,123.61884972893603,123.88264185653841,4918100
2020-08-21,124.5079116821289,125.35789028491862,124.30274417615,124.78146835676746,6064700
2020-08-24,127.68315124511719,127.86878220394965,124.98664987841808,125.20158196555003,7613600
2020-08-25,126.80384826660156,128.07394148062772,126.33489604723209,127.8199288009114,5494400
2020-08-26,129.1388397216797,129.54918962129108,126.54005143970055,127.00900358647363,8447800
2020-08-27,130.65318298339844,133.22267763814605,129.76413127345887,129.9399827410117,13667600
2020-08-28,132.42156982421875,133.6525900353949,130.5066726855153,131.40550408437747,11020100
2020-08-31,128.8359832763672,132.42154360264425,128.23025275762095,132.13822236547225,11617500
2020-09-01,130.4773406982422,130.53595785821832,127.87853728267724,128.88483828285774,7351200
2020-09-02,132.27500915527344,132.79281396877386,130.194010435686,130.55550778475526,8187800
2020-09-03,130.1744842529297,134.08245419847606,128.98255222692026,132.12846922570287,12079200
2020-09-04,128.95321655273438,131.7767236488827,126.44233923453274,130.67271760073905,11248300
2020-09-08,131.1123809814453,133.9847411077477,127.84922984665772,128.95323606182438,17257300
2020-09-09,130.2917022705078,132.43131793308632,129.2170047069276,131.19053345653833,8891800
2020-09-10,130.15492248535156,133.60370429951485,129.68597032997928,130.50664032881085,9853400
2020-09-11,128.71873474121094,130.66295477315126,128.07391624928468,130.66295477315126,7165300
2020-09-14,128.23025512695312,129.8715952368719,127.88830181685941,129.48080423195447,8391900
2020-09-15,128.2205047607422,129.49058312115446,127.99578574570798,128.43544430955228,7289100
2020-09-16,129.05091857910156,130.54571571262625,128.3767914585472,129.12907975763022,6601000
2020-09-17,127.22396087646484,128.73830218937127,125.64123784254461,127.54637018110081,6723500
2020-09-18,125.6705322265625,127.7808243974737,125.17225658127096,126.52051081057228,9916300
2020-09-21,122.52462005615234,123.9705646292027,120.746486738334,123.08150542415397,10352700
2020-09-22,124.283203125,124.53722323774764,121.83095009782903,122.37807091404399,6978800
2020-09-23,120.44361114501953,124.37112441714746,120.07235674949682,124.14641290547594,8323600
2020-09-24,119.67180633544922,120.95167154803354,118.00115009543195,119.12469293395426,8480000
2020-09-25,121.14704895019531,121.33267987817676,118.19653539255829,118.56778979466124,6851800
2020-09-28,123.09126281738281,123.94124883648861,122.48553233711294,122.85678674288674,6283700
2020-09-29,122.51484680175781,123.38436942974546,120.83441870375822,123.02287956322124,7405800
2020-09-30,121.2252197265625,122.66139975838333,120.40454222815323,120.40454222815323,13642500
2020-10-01,120.47293090820312,122.5832380779289,119.6034082652681,122.06543329661484,8908300
2020-10-02,119.73042297363281,120.83442171489466,118.89020890369528,119.18330215473779,6490200
2020-10-05,120.53154754638672,120.75625161019617,119.51547461935874,120.42407779278741,5919200
2020-10-06,118.14768981933594,121.33268709238436,117.8350525532236,120.2970700921257,9052000
2020-10-07,120.08213806152344,120.47292905387788,118.14768985238327,119.1442188090637,10187800
2020-10-08,120.25798797607422,120.90280652204473,119.60340487312375,120.73671960706213,7404600
2020-10-09,122.1045150756836,122.66140045302694,120.49247610320741,121.00050887834882,11502200
2020-10-12,122.09474182128906,123.0424256450167,120.8832733283944,122.02635265121906,10958200
2020-10-13,125.99295806884766,128.33773408174105,124.95734096082988,126.81362818258812,22389000
2020-10-14,123.6774673461914,126.52051887719225,122.40738166761707,126.16880100832904,11531500
2020-10-15,124.42974853515625,124.46882912432389,121.56716059990367,122.12404595128713,7744000
2020-10-16,123.89241027832031,125.17226800340153,123.42345807618315,124.86940272894374,6291700
2020-10-19,121.37176513671875,124.46882915385164,120.86372493127914,124.43952057543403,6576900
2020-10-20,122.07520294189453,122.83726330974253,120.79534522501152,121.71372050795031,6161200
2020-10-21,123.716552734375,124.62515602185678,120.99074287192967,121.4987831261458,6591500
2020-10-22,124.6251449584961,125.15272918927191,123.07173066023948,123.75562234113353,5177700
2020-10-23,125.39698791503906,125.54353082061253,123.44299554568224,125.15273980060208,5439900
2020-10-26,121.2056655883789,124.18549516447004,120.12120351012015,124.18549516447004,8578900
2020-10-27,120.47293090820312,121.74302401448554,120.19937422780026,121.17636663144505,6813800
2020-10-28,115.74429321289062,118.73388763344602,115.59774285908954,118.2258548546443,11654700
2020-10-29,118.74365997314453,119.80857813624718,114.53282501570168,115.44142826714862,9583700
2020-10-30,118.4603271484375,118.94882334286405,116.35002001066184,117.86436119492828,8090200
2020-11-02,117.3660888671875,120.10167044143626,117.05345161188994,119.42754333157022,9186000
2020-11-03,121.16658782958984,122.19243277746796,118.57756406812047,118.81204014477315,8144900
2020-11-04,122.19243621826172,123.94125346648192,120.57063274944416,120.73671966450578,7483000
2020-11-05,124.03894805908203,125.66075148665767,122.90564080728437,123.86308913764755,7654800
2020-11-06,124.5274429321289,125.09409282516974,121.74301625009544,123.35505510407062,6259700
2020-11-09,139.30934143066406,144.28222912213818,134.8933465576693,137.03294737110258,35634700
2020-11-10,138.8403778076172,139.09439044150622,134.50252956481953,136.74961485996565,18115400
2020-11-11,134.6490936279297,138.73291451934264,133.47669087482944,138.21510976340215,9600900
2020-11-12,132.4020233154297,135.30369213533172,131.01469580107562,133.2031493864355,13768200
2020-11-13,135.17666625976562,137.9415564834101,133.379003858862,137.65822034495645,21062300
2020-11-16,141.34149169921875,141.40988832436693,138.31282413999273,138.31282413999273,16382500
2020-11-17,141.17539978027344,141.4978090565874,139.28003216615417,141.07769457858288,9354900
2020-11-18,140.58920288085938,142.1328526890593,140.05186897754245,141.17540429430483,9456200
2020-11-19,138.45938110351562,140.00303107378033,138.43983707895657,139.28983070846377,8892500
2020-11-20,137.82432556152344,139.3288873039973,137.61915059732559,138.44960010365455,8481600
2020-11-23,142.62135314941406,144.35063395368113,138.43982667149538,139.17257100628564,12887000
2020-11-24,148.00457763671875,148.36606003860206,144.44832605095232,144.75119129660808,16711700
2020-11-25,145.65980529785156,146.81266417652435,143.85237815408152,146.81266417652435,9552000
2020-11-27,143.74490356445312,146.89082043787437,143.15870213289173,145.5718746707221,5306400
2020-11-30,144.60464477539062,145.2690073824607,142.92421659645757,143.67650494472588,9710100
2020-12-01,146.0017547607422,147.91665162291045,145.57187569560023,146.12876855027645,8825500
2020-12-02,150.07579040527344,150.4665813689715,144.92703672070738,146.05058682984873,10601900
2020-12-03,149.7143096923828,150.8866975043048,148.629847612118,149.91946973291624,9063200
2020-12-04,150.59361267089844,151.1211820240759,149.29421094914855,150.15396905863034,6033300
2020-12-07,150.14418029785156,150.33959069806954,148.75685292108275,149.6556841127476,6815500
2020-12-08,150.1832733154297,151.31658808026205,148.7470932910365,148.91318021054659,7900600
2020-12-09,150.87693786621094,153.8372387238159,150.34936849922224,152.6941444311837,10804300
2020-12-10,151.13095092773438,151.76599000021815,148.99133526880286,149.7924761616917,8993200
2020-12-11,171.67709350585938,175.3212707244157,161.52614378840434,165.7760514813925,87410700
2020-12-14,165.40481567382812,173.2207548441664,164.92608403286536,169.8012814571434,30939400
2020-12-15,169.93807983398438,170.4558846724568,163.95889043413055,166.56745865088487,18802600
2020-12-16,169.1369171142578,170.8271246758007,167.671428535081,169.9869106274305,11105800
2020-12-17,169.55703735351562,170.81735101503352,168.00362298465922,169.8208294808924,9004600
2020-12-18,168.91220092773438,171.79432527857477,168.31623501862745,169.6058720315354,21172100
2020-12-21,166.76283264160156,167.9840731232962,164.3203516782123,166.17663124729984,11424200
2020-12-22,166.5283660888672,167.50535857387987,165.26805234259862,166.08872245215593,6419200
2020-12-23,169.55703735351562,171.9018131967811,168.33579682937292,168.98061540397336,9994000
2020-12-24,169.73287963867188,170.56332911319106,168.41394888867842,169.9869071948742,2721000
2020-12-28,174.74485778808594,175.78046732627277,171.02251920328507,171.7064108881518,13145400
2020-12-29,173.2207489013672,176.05402079032353,172.1655953606449,175.8683898561612,6875400
2020-12-30,177.00169372558594,179.18038238686833,174.2661122959511,174.393126065797,11680400
2020-12-31,177.01145935058594,179.18038346871387,176.1224076794553,177.05054739126044,7073500
2021-01-04,173.59201049804688,178.3890469815728,170.70988576640698,178.06663768574762,13426600
2021-01-05,174.3345184326172,176.19079794638418,172.14605018786133,172.14605018786133,7771800
2021-01-06,174.99888610839844,177.43160272064722,173.2012235450217,174.21730406012819,7517800
2021-01-07,174.47129821777344,175.80977298648713,173.4943058534054,175.3701294040656,7300800
2021-01-08,174.5787811279297,175.87818285937004,172.5368705104041,174.69601545001643,7894500
2021-01-11,174.96957397460938,177.08964579832917,173.26961665564124,173.66040767184222,6461300
2021-01-12,171.94090270996094,174.217296855326,170.8368964962388,173.2207604049549,8349800
2021-01-13,172.06790161132812,173.6408600163736,169.74266977044624,170.38747344291724,6839500
2021-01-14,169.43978881835938,174.24660465982265,169.41048023827787,172.9374234827236,8951200
2021-01-15,167.49557495117188,170.18230397914857,166.25479046227179,168.97082806884515,12232500
2021-01-19,168.2967071533203,169.71335807377412,167.4955811292614,168.14039969761296,7834700
2021-01-20,169.64495849609375,173.78741160850666,169.0196839609862,171.1886082657044,9809200
2021-01-21,167.33926391601562,170.97367698511698,167.0852512484175,169.25417565764644,8416400
2021-01-22,168.80474853515625,171.21792099659905,167.93522588075484,169.99668047593858,9517200
2021-01-25,167.93521118164062,169.12714301809496,164.88699987934817,167.93521118164062,7833700
2021-01-26,165.65882873535156,169.36163827468155,165.16056797880307,169.01968497205434,7523200
2021-01-27,159.27908325195312,162.51292598425132,156.82683748731023,161.21352419341534,18239200
2021-01-28,167.92544555664062,168.90243788143798,162.131873318578,162.34681282265097,14449100
2021-01-29,164.30081176757812,165.90307872334554,161.97556506177716,164.9163217562245,12848800
2021-02-01,167.036376953125,167.7788857442566,164.16401716755126,166.9093631819595,8140400
2021-02-02,172.88861083984375,175.62417809531757,168.82431819210623,169.77200217265374,12215200
2021-02-03,172.37075805664062,174.32474281220766,171.71617495245212,172.92765086768313,5508600
2021-02-04,176.08334350585938,177.20689375788857,172.42940131666037,173.50408405736297,9035400
2021-02-05,176.991943359375,178.12525809944128,175.20404551281888,177.52929215058924,6640500
2021-02-08,185.62855529785156,186.25382983517758,179.0827092241557,179.62005802366735,16085700
2021-02-09,183.87974548339844,184.89581101624373,181.75965886444422,183.84065743921926,11270800
2021-02-10,185.26707458496094,186.31244870660262,181.5349564410602,185.60901298217863,11464600
2021-02-11,186.51760864257812,186.8497824557578,183.7429540129833,184.82740118406056,17507900
2021-02-12,183.3521728515625,189.38999399558628,182.2677106265919,188.55954444298183,27233800
2021-02-16,182.0625457763672,184.10445638262863,180.6068216850273,182.99068560578405,11630700
2021-02-17,182.15048217773438,183.31310562579483,177.9689555141416,181.09532849985737,11391800
2021-02-18,178.7895965576172,182.11136451964344,178.63327420681787,180.53840627056,12380900
2021-02-19,179.4246368408203,180.52864295280128,178.58442283415835,180.0303822273943,8834500
2021-02-22,187.34805297851562,189.55606529302986,177.3534251289375,177.55860008764884,18799600
2021-02-23,192.55543518066406,194.36287714610313,184.31939612025437,189.1359616627037,23191400
2021-02-24,192.96575927734375,195.9846770562537,190.83592304828844,193.0341558995328,16205900
2021-02-25,186.5860137939453,193.40543182364794,185.99982726899583,193.18071282674836,12712000
2021-02-26,184.6906280517578,187.201505557393,181.18322907854187,185.69694389154034,15844000
2021-03-01,190.49398803710938,192.36981179462668,186.98658864010133,188.7842512109235,10709900
2021-03-02,189.4779052734375,193.405418829937,189.0382616823319,191.5882124000092,8371400
2021-03-03,187.83656311035156,192.28188174034565,187.7877254140185,190.15204535459702,8750300
2021-03-04,183.70388793945312,188.05150133102862,179.88384390791492,185.53085903813593,12542600
2021-03-05,185.61880493164062,186.18546235374595,179.12179605487242,184.79811992613378,10266400
2021-03-08,197.26454162597656,198.34900380038167,189.33135309760758,192.77037056447116,25093200
2021-03-09,190.0347900390625,197.059367916396,189.8980116967213,195.58411473059317,23331000
2021-03-10,190.5721435546875,194.22610065844725,190.20088165586034,192.77037655153373,13662100
2021-03-11,192.22325134277344,194.47033680507172,190.9043056627208,192.83876131449412,11933900
2021-03-12,192.6238250732422,193.8450655726804,190.689369388573,192.00831509105464,13249100
2021-03-15,192.23301696777344,193.97206222644417,190.32788479200727,193.97206222644417,10311400
2021-03-16,189.77102661132812,192.0669500180368,188.4423162287106,191.588233238912,9680700
2021-03-17,190.74801635742188,191.67615622796262,187.36761583148234,188.98942691929503,14418700
2021-03-18,187.85609436035156,190.59167601647607,187.32852503250817,190.46466223611424,9644500
2021-03-19,186.74234008789062,189.53653914792667,185.39408570904774,186.52740055190924,28354600
2021-03-22,188.4227752685547,191.81294045636432,187.58256111724148,188.81356630779325,8838500
2021-03-23,184.3877716064453,187.91471476921413,183.64526274870698,187.18197046870307,10701200
2021-03-24,180.47003173828125,186.11704644298896,180.39187055977243,185.6871674150507,13549100
2021-03-25,182.60964965820312,183.39124654517917,176.8453856610103,177.66607059158153,9609200
2021-03-26,181.64242553710938,184.63201990110846,178.3695099360114,184.48547700394028,10196100
2021-03-29,180.59706115722656,181.6619793546593,178.93616205858478,180.9780876181301,7544700
2021-03-30,181.26141357421875,182.03324598154063,179.33673719650602,179.600529340199,5929700
2021-03-31,180.27464294433594,182.5998747335598,180.17693774063935,181.55450061106745,8478000
2021-04-01,184.62225341796875,184.74926719933688,181.32001436416377,182.14068439518675,7749400
2021-04-05,184.16305541992188,187.2601193375268,183.76248498412656,187.06472385178174,7405300
2021-04-06,185.36476135253906,186.8791025334528,183.54755491698677,184.16306489107214,7926200
2021-04-07,183.2447052001953,185.95097851496126,182.64873919747188,185.43317369872702,6238700
2021-04-08,183.01023864746094,183.7234389842371,181.35911896977896,182.89298941252133,7763000
2021-04-09,183.56712341308594,183.88953273260557,181.86715106681592,183.84068012521362,6089300
2021-04-12,182.19931030273438,183.528020506598,181.2125384797122,183.43031530766027,6662500
2021-04-13,181.22232055664062,182.15046032904752,180.35279794135326,181.3200108492663,6826500
2021-04-14,183.14700317382812,186.01934832789436,181.43726646159482,181.69127912063277,9089900
2021-04-15,181.65219116210938,184.55385980486375,181.42748708255698,183.76249834006182,7262500
2021-04-16,182.9516143798828,185.1107744138089,181.91600469136293,183.25449458431734,9453500
2021-04-19,183.11769104003906,185.95097814061134,181.37864564039077,183.19585222637093,7625800
2021-04-20,178.58444213867188,183.75274051168435,177.63677318384234,182.9809081332083,10765800
2021-04-21,178.89706420898438,179.16085630939472,174.74484685136397,177.11893103189794,8400200
2021-04-22,178.5551300048828,180.6263640805658,177.08964136919943,179.981545503012,7378300
2021-04-23,178.80914306640625,179.6688861923255,177.7735335664607,178.15455998451085,6075500
2021-04-26,180.0303955078125,181.32979720162726,179.04362363308368,179.72753024604384,6178300
2021-04-27,180.39187622070312,181.53495554028996,179.9131445777086,180.73382952394508,4870000
2021-04-28,179.17063903808594,180.5384224609408,178.6137611115383,180.5384224609408,5199300
2021-04-29,181.06602478027344,181.28096432641252,178.54538230005187,180.5482199394082,5958300
2021-04-30,181.74012756347656,182.0332282604104,179.31717571602934,180.04992000450363,7866300
2021-05-03,181.2418670654297,184.86651567497827,180.98785439095911,183.37171839408364,7542800
2021-05-04,180.0108642578125,181.35911864931904,178.11549646329524,180.61659482432836,7069300
2021-05-05,177.33389282226562,180.75336637006828,177.18734991901985,180.75336637006828,5901700
2021-05-06,177.60745239257812,178.77985526843582,175.67301149976782,178.57468029284416,6944900
2021-05-07,180.58726501464844,180.86082168399736,177.33387865304817,177.812610278269,6888400
2021-05-10,180.05970764160156,182.66827563803773,179.79591551161636,181.42749107907773,8260300
2021-05-11,177.49021911621094,178.05687653416263,174.3247581666015,177.6172329069807,10865600
2021-05-12,173.7581024169922,178.26203792841204,173.49431029769372,176.5425217821355,8988100
2021-05-13,174.23681640625,176.59137160550972,171.75526233561664,174.26612498485318,12332200
2021-05-14,169.70358276367188,170.88575016792663,164.89678177846798,168.95129441550978,33149400
2021-05-17,166.1668701171875,169.0099215950596,164.6916169516548,168.7265854491394,17771600
2021-05-18,165.77606201171875,167.31971178086997,165.5513579355947,166.34271938832268,10401000
2021-05-19,165.37550354003906,165.50250241157718,163.25543187457933,163.85139781981698,9251000
2021-05-20,167.4174346923828,167.9450040807667,165.09218778168838,165.31690678930372,7400700
2021-05-21,168.43348693847656,169.1369226722145,167.57374374769117,168.2576354589027,8105700
2021-05-24,170.299560546875,171.08115752959952,167.79846212833456,168.48235389782258,7346700
2021-05-25,172.11676025390625,173.36730941273782,171.3644718839504,171.55988230254187,8089700
2021-05-26,172.40985107421875,173.80694305905035,172.14605895044483,172.5563939720259,8086200
2021-05-27,174.92071533203125,175.45806414154848,172.72248239941445,173.12305286721104,13567800
2021-05-28,174.53968811035156,175.99541216825585,173.98281018858057,175.3799021793901,7124800
2021-06-01,174.72532653808594,176.84539837000247,174.62763623751886,176.03449284591466,7475600
2021-06-02,172.9276580810547,174.97934812307093,172.8592614560509,174.9207160554729,7851700
2021-06-03,172.18516540527344,172.89836576372628,171.38402439101253,172.21447398796857,5583900
2021-06-04,173.10350036621094,173.4356891007373,171.56963010259508,171.88225990790642,6343400
2021-06-07,172.9178924560547,173.97304605048672,172.34145560280862,173.87534084614776,5178100
2021-06-08,172.27308654785156,173.0449040510611,171.15931571204354,171.92136865718996,5356200
2021-06-09,171.98973083496094,173.25005934483136,171.83342338510178,172.25352294991157,5082400
2021-06-10,172.50755310058594,173.5236186246836,171.51101669068885,172.38053931967843,5253000
2021-06-11,173.29891967773438,174.38338185678685,172.7420268444031,173.36730139490138,5476300
2021-06-14,174.0804901123047,174.75461722037596,172.82994109444383,173.56268535839607,10170000
2021-06-15,171.8138885498047,174.58854346045337,171.57940500089808,174.08050322501643,7895000
2021-06-16,170.64149475097656,172.2046736334195,169.55703259963414,171.96042553543896,8336000
2021-06-17,170.6317138671875,172.2046722014107,169.84035242154664,170.57309670939495,8906000
2021-06-18,168.45301818847656,169.85988954927993,168.15991750368917,169.15645386887826,12357500
2021-06-21,169.96737670898438,170.25069795840304,167.36857322957613,168.16971418952127,9196900
2021-06-22,169.50819396972656,170.68058195511975,168.3846585895002,170.35817265028527,8097100
2021-06-23,171.2960968017578,171.4133311312783,168.9610853232326,169.6254330674786,9174200
2021-06-24,173.83624267578125,174.13912282850154,171.73571507433445,172.0776683618817,7549400
2021-06-25,174.24658203125,174.96954678966728,173.40636806001206,174.71553415937464,7431800
2021-06-28,172.50755310058594,174.54946361360228,170.96390333865776,174.39314125367318,9881400
2021-06-29,169.9282989501953,172.9472171153846,169.80130006201244,172.57595519364423,13498300
2021-06-30,171.72596740722656,171.9311274737567,169.3518679976113,169.88921682758362,7481900
2021-07-01,173.18167114257812,173.5138598955151,170.58288263314304,171.31562694873605,5887100
2021-07-02,173.03512573242188,174.25636624069438,170.6024092731635,173.76787003738536,11099300
2021-07-06,169.69381713867188,172.92765968886093,168.25763707745176,172.69317613945228,11557900
2021-07-07,168.8438262939453,170.30931482945832,168.03292084870168,168.88289942882872,6757300
2021-07-08,168.82427978515625,169.75241952909505,165.90306731396268,166.26454971025925,6960100
2021-07-09,172.96673583984375,173.435702946831,169.9282887407014,170.680577097237,7873300
2021-07-12,180.1378631591797,180.73382911841895,173.2891369065296,173.62132565180133,21835500
2021-07-13,179.4246368408203,181.39816553697426,177.65628309496336,179.8545158546083,12534600
2021-07-14,179.199951171875,182.00391469819564,177.89078488293353,180.93899651873076,8787300
2021-07-15,179.9131622314453,181.15394687591473,178.83847943014345,179.2292704655764,7867000
2021-07-16,175.1845245361328,181.02693557021198,174.80349805364335,180.68499713643678,8348800
2021-07-19,168.97084045410156,172.41962259382169,168.1990229816161,171.6673491444067,14651800
2021-07-20,172.68341064453125,173.4259195187125,168.89267527547042,169.7035807749201,8372400
2021-07-21,172.8201904296875,173.8069474176834,171.28632006586335,172.4391639781127,6302200
2021-07-22,171.10069274902344,172.65410716857727,169.89898130048851,172.6345631453912,5713700
2021-07-23,172.08746337890625,172.43918128548586,170.02600854739975,171.61851113937442,5126300
2021-07-26,174.62762451171875,174.66669764777757,171.30584145333003,171.57939812890407,5641000
2021-07-27,175.37013244628906,175.42874960393274,172.507551924738,174.14889196964359,6684100
2021-07-28,174.97933959960938,176.20058006329253,173.46499844309818,175.5557615206149,5926900
2021-07-29,174.24658203125,177.24594062927383,174.16842085860935,175.67298243571392,6209100
2021-07-30,171.97021484375,175.0770436721891,171.11045671917591,173.44546807321538,6813400
2021-08-02,171.51100158691406,174.70577058841565,171.2765180676697,173.14257694222565,5847200
2021-08-03,169.00990295410156,172.07765817271962,166.98752174205913,171.97018842365864,9931300
2021-08-04,168.60935974121094,169.2639428973998,167.39788372973976,168.53119855585263,5665800
2021-08-05,172.6443328857422,173.04488843830202,168.52142378130753,168.52142378130753,8864200
2021-08-06,173.05467224121094,174.69601235220628,172.5661760308831,173.34775804123063,5505200
2021-08-09,172.65411376953125,173.23053575992358,171.03230266068155,172.92767047370805,5339000
2021-08-10,172.9960479736328,173.31844234040884,171.5403239598849,172.19490706590398,5185000
2021-08-11,173.99256896972656,174.38337486544563,172.4489192240076,173.2793687081551,5359900
2021-08-12,175.1649627685547,175.58507725720315,172.39030789980515,173.99257485716822,11081300
2021-08-13,176.9137725830078,183.26422271643796,176.71837709890778,182.003894264711,32504600
2021-08-16,174.96957397460938,176.4350626469456,172.44893166926448,176.35690146216106,8746700
2021-08-17,171.78456115722656,174.34427626132228,170.89549456950547,173.0741832656807,8534500
2021-08-18,170.7196502685547,172.72247267938565,170.4851667354916,171.85295007572546,7063500
2021-08-19,169.26393127441406,170.66102323398897,168.589804141246,169.9966755656453,8478600
2021-08-20,171.0908966064453,171.17883724834974,168.67772429458955,169.01967758226607,6239600
2021-08-23,173.5724639892578,174.2075030518785,171.86272738158044,173.00580663892976,7395900
2021-08-24,174.36383056640625,175.9367888883373,173.67015941993355,173.82648177797256,5886900
2021-08-25,174.20750427246094,174.48106093898838,172.8104123618187,174.0609613824356,4842100
2021-08-26,172.49778747558594,174.8230343159978,172.2828479403686,174.236832873092,4563000
2021-08-27,175.9954071044922,176.38619809422016,172.22421591350647,172.22421591350647,8697000
2021-08-30,175.8390655517578,177.2166282379199,174.75460352975858,176.3471057091255,6421300
2021-08-31,177.12872314453125,178.77006320269078,174.42245005226974,175.12588576511547,8620000
2021-09-01,179.258544921875,179.97176004196083,177.5976609758886,177.77352734375893,7302800
2021-09-02,177.6758575439453,181.03671414616028,177.3729922526508,179.9229432868423,6492600
2021-09-03,176.83560180664062,177.63674262798912,175.00863102253382,177.63674262798912,6847400
2021-09-07,180.09878540039062,181.28095282917997,175.90749433194475,176.85517820498396,10702900
2021-09-08,180.89015197753906,183.14701713217718,179.6884553995167,180.0987904527994,8634000
2021-09-09,181.6326446533203,183.26422002859186,180.32347853055916,180.89012095382262,7190700
2021-09-10,179.8838348388672,182.79528290696794,179.77636507920278,182.07230316852372,5572200
2021-09-13,180.72406005859375,181.5252010269873,179.2781154001011,180.8608384059144,6818200
2021-09-14,178.2034149169922,180.8706150091187,177.9591668072333,180.70452808340923,6185900
2021-09-15,180.1671905517578,180.4114386768241,176.9333477611156,177.8712522130456,5933400
2021-09-16,179.12179565429688,180.39188884529798,177.92986364972742,179.73730568012002,5678200
2021-09-17,179.248779296875,181.6228634410734,178.5257996247755,178.7016659915973,10035100
2021-09-20,174.50062561035156,176.71840269074448,172.4880235079944,175.60463187158948,8056600
2021-09-21,167.23178100585938,178.03731415670129,165.1410179450972,176.17127007301477,23216000
2021-09-22,169.6547088623047,171.30582825332684,167.71050370412325,168.9610526697349,14214500
2021-09-23,172.19491577148438,173.11329104083438,170.35816523278436,170.91505807353883,8052900
2021-09-24,171.95065307617188,172.63454473754445,171.05182190583648,171.2667614147993,5712800
2021-09-27,174.1586456298828,175.32126887614135,171.91157521962685,172.56615828522627,7755000
2021-09-28,170.5047149658203,173.9046442867019,169.85989641476945,173.66039619079362,9133100
2021-09-29,168.70704650878906,170.93460297554356,168.61912076749812,170.2409317873426,6240800
2021-09-30,165.27780151367188,169.6840318440888,165.20941979810274,169.11738937433017,13978000
2021-10-01,171.96043395996094,173.24030657856676,168.01339106262284,168.31625633372104,12165000
2021-10-04,169.4691162109375,171.91159732548178,168.69728383041738,171.5207914025217,7200600
2021-10-05,170.5926513671875,172.18515382253634,169.6156589224771,169.83059845293113,6798200
2021-10-06,171.44261169433594,171.66733066615373,167.6030389528271,169.01967486465736,6005200
2021-10-07,173.62132263183594,175.4971462149149,173.25006075648926,173.6115431670822,7780000
2021-10-08,172.67364501953125,174.49085151011485,172.34145626812906,173.83625347241477,4132200
2021-10-11,169.52772521972656,172.45870241622663,169.4886371754495,171.97020621680997,8046300
2021-10-12,169.14669799804688,170.4754082506227,168.5800406204183,169.62541473031936,5188400
2021-10-13,168.98060607910156,169.703570888557,167.00707732683043,169.63518917499357,8914700
2021-10-14,170.3972625732422,171.97022106750748,169.99669207727572,170.0650887068066,7450200
2021-10-15,172.40008544921875,174.77416982531744,170.09438278909954,171.64779712711876,13943900
2021-10-18,167.20248413085938,169.35186449861843,165.8933178505005,168.39441608990893,20494800
2021-10-19,167.24154663085938,167.63235252323454,166.26455426150218,167.49557418783337,9669500
2021-10-20,166.62606811523438,167.0852557670303,165.97148495171555,167.03640316216908,9737600
2021-10-21,167.39785766601562,168.53117231567225,166.1863967508898,166.28408703658604,7509000
2021-10-22,165.52203369140625,166.8702878359932,164.72090775735097,166.6455837811352,7854300
2021-10-25,168.05245971679688,168.59958799096455,165.14102649808015,165.99100512754373,9798700
2021-10-26,168.08177185058594,169.1369254686382,166.78238503166125,168.9708385437209,5850200
2021-10-27,165.64907836914062,168.0817801093256,165.53182913400389,167.8180028726429,7054700
2021-10-28,165.77606201171875,166.43066003351976,164.72092334656202,165.58066651475346,7884500
2021-10-29,165.18011474609375,166.53813360652256,164.28126860557344,165.13126214380355,7598800
2021-11-01,166.2743377685547,167.3099473200155,165.19964017304582,165.31688939746914,8182900
2021-11-02,165.92262268066406,166.919159112434,165.09217316956892,166.11801818100378,6777200
2021-11-03,166.1668701171875,166.27433987810187,164.496206544377,165.79560823262494,6829300
2021-11-04,166.3622589111328,166.49903724608149,164.78930060536288,166.11801081960158,7505500
2021-11-05,171.58917236328125,172.91788256459049,168.36509460489796,169.50817387321453,16859200
2021-11-08,172.8006591796875,175.12590610655255,172.04838568617913,174.5787926902837,10584600
2021-11-09,171.0811309814453,173.04488023789787,169.2248514797869,172.87879332734698,7293300
2021-11-10,170.4363250732422,172.80064494606734,169.869667679433,170.6708086213526,11045800
2021-11-11,158.3802490234375,160.18769104593153,154.68721870008125,159.14230195316358,62366500
2021-11-12,155.95730590820312,159.84573159389313,155.2733992830571,159.75780585330742,25638400
2021-11-15,154.78489685058594,157.02221776707472,154.03262344550419,156.4067077922617,21285300
2021-11-16,155.1757049560547,156.55326782035016,154.90214827618735,155.40040903429121,15516200
2021-11-17,153.71022033691406,155.23432613787875,153.14356294029773,155.0780037716974,14695500
2021-11-18,152.00048828125,153.68091650026443,150.17351715674317,153.47574152485328,14487700
2021-11-19,150.4568328857422,151.6390002749561,149.25513638166086,151.45336932966686,16776500
2021-11-22,150.6131591796875,152.23497021926258,149.05974476709625,149.70454845212925,12790400
2021-11-23,147.55514526367188,150.70106164922626,146.73447531293232,150.30049123003695,17382900
2021-11-24,147.8580322265625,147.9264288530387,145.376477989454,147.2229931039311,14123700
2021-11-26,144.70233154296875,145.42531121871093,142.49433429048204,143.42247400287727,12027700
2021-11-29,144.4092559814453,145.86498014239586,140.9311651403404,145.38624846075442,21231300
2021-11-30,141.56619262695312,143.89143930663224,139.81738279244988,143.3443259485244,26011100
2021-12-01,138.8794708251953,144.95636505772248,138.77200105937035,143.32478945490493,16469000
2021-12-02,143.8132781982422,144.25292179639163,139.48520902496418,139.55359074090163,18177700
2021-12-03,142.8558349609375,144.90752503641477,140.9995552985316,144.40924935389293,14975600
2021-12-06,146.9103546142578,147.27185196952013,143.29548541568988,143.89145142547676,14333900
2021-12-07,147.34022521972656,149.2453574668122,146.27530705439682,148.3465262247954,14661100
2021-12-08,149.81199645996094,150.12464115324357,147.09595904487585,147.43791231468882,12886300
2021-12-09,149.42120361328125,150.74013426364027,148.20972780369613,148.7666205661752,11862300
2021-12-10,149.196533203125,151.10166562171972,147.96551309593866,150.04651191886973,10247900
2021-12-13,146.96896362304688,148.9913451024387,145.85519285268833,148.6200832097454,10195800
2021-12-14,145.66958618164062,148.13159652219693,145.1029287486713,145.82589365012828,10872000
2021-12-15,146.9396514892578,147.44769171312194,143.9598365854502,145.337384544198,12231500
2021-12-16,145.32760620117188,148.5614483640099,145.16151929729688,147.8677921718096,11145600
2021-12-17,145.33738708496094,146.39254068786894,143.1977862068733,145.09313897987263,13785000
2021-12-20,143.10008239746094,144.33108749233278,141.74206351623354,143.59834316992115,11201900
2021-12-21,147.57469177246094,147.9459387139309,143.99889633115404,144.16498323533895,10781400
2021-12-22,148.38560485839844,148.69823466253433,146.4218406678871,146.95918944906484,7820400
2021-12-23,150.09535217285156,150.64246554980667,148.4344531114531,148.81549447153412,6572400
2021-12-27,149.28443908691406,150.47637098665575,147.9166408062377,149.36260026647162,7762000
2021-12-28,151.6292266845703,152.8993198630602,148.90342428283094,149.10858435093635,12198700
2021-12-29,151.3068084716797,152.332653474947,150.632681329312,151.0039432124063,8737000
2021-12-30,152.34243774414062,153.456223537539,151.93210267128364,152.12751310307326,7228400
2021-12-31,151.3263397216797,152.9676945699185,151.17979683689038,152.28378802031582,6410200
2022-01-03,153.15330505371094,153.934901862356,151.7855218193714,152.24470938541094,10222800
2022-01-04,152.1470184326172,156.63142476515043,151.97116696076753,154.94121722230807,16582000
2022-01-05,151.6194610595703,155.71306181999404,151.53153531671543,152.9188628100722,12272100
2022-01-06,153.2901153564453,154.14010895799217,150.14419835344574,152.64531164443474,11095300
2022-01-07,154.19871520996094,155.63489525785914,152.69413853705748,153.29010450868682,9554600
2022-01-10,152.99700927734375,154.62858472682603,151.09186225242678,154.3452485945874,8672900
2022-01-11,154.25733947753906,154.57974877944542,152.36197171296817,153.01655487463674,8042600
2022-01-12,154.16940307617188,155.33202641269116,152.7332230613799,154.85329477185354,6995600
2022-01-13,151.8636932373047,154.8825960203171,151.5999011286985,154.07169058106118,9680600
2022-01-14,148.4442138671875,149.10856148183703,145.00519676412992,148.84478429187183,16832000
2022-01-18,148.7666473388672,149.60686145800818,146.38278333071264,147.63333249765898,10419500
2022-01-19,146.65631103515625,149.34303979211336,146.50976815695532,147.36951122193264,10413200
2022-01-20,144.22361755371094,149.14766774266542,143.76442991960585,147.4379309924465,11760400
2022-01-21,134.21922302246094,138.60590943399743,133.4864787096862,137.98063488340517,34491800
2022-01-24,134.29736328125,134.51228786440853,126.286014783569,131.71810429843978,31419500
2022-01-25,133.36923217773438,134.5807081661184,129.3342635510934,132.17730021224796,14694400
2022-01-26,130.52618408203125,135.02033995287172,129.2170030015697,134.5416232417297,14569900
2022-01-27,132.30430603027344,134.73702241809707,130.9365226642605,131.9623676426305,11913900
2022-01-28,135.44046020507812,135.49907736341976,130.4871016171175,132.0991480101169,10011700
2022-01-31,139.6805877685547,139.85643922363266,135.28412249897562,135.66514889269706,10185500
2022-02-01,141.16563415527344,141.36102964945565,138.977165860359,139.72945416606717,8573300
2022-02-02,139.33865356445312,141.26332981610742,138.12719250985896,140.87253881289405,9529900
2022-02-03,136.8082275390625,138.77197665168572,136.0461747545986,136.77891896333074,9820600
2022-02-04,138.75245666503906,139.89553591691202,136.31974036527657,136.81800109320474,8061100
2022-02-07,139.23118591308594,140.77483574230573,138.3518986886657,140.09094402245427,10937500
2022-02-08,139.20187377929688,139.6024442434562,137.50191653445074,138.5277466341802,9231700
2022-02-09,143.84259033203125,143.9598395600971,139.95416466081764,141.04839140462335,22877400
2022-02-10,148.6591796875,153.87631596522968,147.63333459952068,152.4303712655599,42500300
2022-02-11,146.0310516357422,151.1309530311638,145.1419849957146,150.00740285411297,17975200
2022-02-14,147.37930297851562,150.1930308286999,145.7770361097578,145.93334355697007,14694700
2022-02-15,151.16026306152344,151.2872768420959,149.00110333039493,150.00740429473805,12726000
2022-02-16,152.7527618408203,153.12400880132256,150.2125757352179,151.41427216693796,10656400
2022-02-17,149.4309844970703,151.7855397573258,149.0988106591487,151.13095663869646,8110300
2022-02-18,147.87759399414062,150.14420897390943,146.59773612996332,149.39193543873128,10785500
2022-02-22,144.68280029296875,147.3206767796616,144.2138481172218,146.7344902869081,12227200
2022-02-23,142.51388549804688,146.29485645890207,142.1524030579924,146.0603729015111,9300700
2022-02-24,145.96266174316406,146.12876357353883,136.77893894829558,136.77893894829558,12475500
2022-02-25,146.0896759033203,146.82242022099538,143.8328257901165,146.1189844834096,10149500
2022-02-28,145.04429626464844,146.04081776535702,143.09031149157488,144.42878629065962,10834700
2022-03-01,142.34779357910156,144.7414220428118,140.4719699088899,144.4581007984852,8944000
2022-03-02,143.95005798339844,145.05406417618636,142.56273055136,142.94375699461196,7851000
2022-03-03,142.2207794189453,145.22990265084766,141.12653788144289,143.92073651768342,8048400
2022-03-04,137.48239135742188,140.94093838801382,136.33931187508074,140.6966902531275,12913000
2022-03-07,130.42848205566406,137.64845511022682,130.36986489840243,137.05248916519923,14549700
2022-03-08,128.71873474121094,132.3726912877404,126.31532713844912,129.95951912881705,16552000
2022-03-09,130.5750274658203,132.38246935740457,130.29170623102084,132.37270480024628,14673100
2022-03-10,130.5652618408203,131.11237519162805,128.59173304736038,129.3147127796253,8447200
2022-03-11,128.71873474121094,133.0272743358282,128.54288328398704,131.9721208693269,7058400
2022-03-14,126.06133270263672,130.00839048858631,125.42629358293901,127.9664649694513,9971500
2022-03-15,131.1123809814453,131.46409885217054,126.5302841045078,126.75500309672209,9834800
2022-03-16,134.9617462158203,135.78241635537086,131.83537313106393,132.52902947244968,10638700
2022-03-17,136.26112365722656,136.26112365722656,133.41807235318163,134.2778303879301,6816000
2022-03-18,137.072021484375,137.49212101403123,135.1180369012983,136.33927726572122,11308800
2022-03-21,135.43069458007812,136.09505722719095,133.73073718356585,135.70425128544153,9090300
2022-03-22,136.88638305664062,138.91852870052003,135.704215889315,135.86053822524076,8511600
2022-03-23,134.47320556640625,136.54442425615852,134.3755003834973,135.87031216187117,8761300
2022-03-24,135.7628631591797,136.0657284016498,134.24852203910902,135.39160129668335,5858800
2022-03-25,135.938720703125,137.15019663488437,134.94218429002814,136.07549904157196,5949400
2022-03-28,135.52838134765625,136.41744797295064,133.14451760444598,135.68470370308125,8456100
2022-03-29,139.1041717529297,141.13631757418867,137.71684444285975,137.71684444285975,11280700
2022-03-30,137.7168731689453,139.9737235211391,136.85711497469134,138.05881160877058,7922400
2022-03-31,134.0042724609375,137.63868514557228,133.95541986256532,136.9157054497359,12306500
2022-04-01,133.8479461669922,134.9226436686471,132.41176628192588,134.18011997378753,10341000
2022-04-04,135.39161682128906,136.05596453801732,133.74049717956134,133.818658365245,8174600
2022-04-05,132.4997100830078,135.99734481084795,132.02099332784135,134.57094419525757,8694100
2022-04-06,129.5198974609375,130.84859289392458,127.80038119194839,130.67274140698987,11679700
2022-04-07,128.8359832763672,130.1451644248653,127.02855627736854,129.94975401829598,9858700
2022-04-08,128.8359832763672,130.0572237788207,127.6245222388747,128.96299705909306,6702000
2022-04-11,127.64405059814453,129.38309587073158,127.04808464016442,127.04808464016442,9915300
2022-04-12,127.82966613769531,130.14514797492785,127.15553908031315,128.7773498404327,7885600
2022-04-13,129.30496215820312,129.83253154399125,127.74176820937801,128.03486893824802,7694500
2022-04-14,127.46819305419922,130.51640441470244,127.35095874270915,129.75435157457662,7283500
2022-04-18,124.830322265625,127.22395824444573,123.9021824181167,127.07741533978927,10571000
2022-04-19,128.8652801513672,130.1256085837512,124.84984860156105,125.14294182321284,12767200
2022-04-20,121.70394134521484,124.41997898834067,121.25452574167737,123.14989335761138,36465700
2022-04-21,118.86090087890625,123.54068799098718,118.48963899044763,122.6516287686554,18688600
2022-04-22,115.54888916015625,119.08560437108706,115.43165484131625,117.24886132194175,19472800
2022-04-25,117.19023132324219,117.5614931928025,114.06385873350395,114.95292536444026,16491000
2022-04-26,113.10640716552734,116.40864625667582,112.97940083658337,116.40864625667582,16116000
2022-04-27,112.5593032836914,114.21042296830272,110.78117725944118,112.77424282297348,15553000
2022-04-28,112.63745880126953,113.33112253612217,110.0972799593355,112.56906962892802,23192100
2022-04-29,109.06166076660156,113.32134829869794,108.79787609385467,112.5495233952273,16907000
2022-05-02,110.88863372802734,111.04495608470391,108.45592481966514,109.13981649547453,14300700
2022-05-03,110.93749237060547,112.18804147669317,110.09727829235393,111.42598858103727,11149500
2022-05-04,113.5167465209961,113.76099461492794,109.25705916651603,110.76162831959938,11488300
2022-05-05,110.01911926269531,112.61791527704014,108.9151204889054,112.10011047646735,12720200
2022-05-06,107.75249481201172,109.51107669432031,105.80828198481287,109.19843941831918,12525200
2022-05-09,104.51864624023438,108.19213215716802,104.03015005888956,105.62264492668398,17941600
2022-05-10,105.20254516601562,108.15305902507008,103.69797592927424,107.3128449389176,15657700
2022-05-11,102.78936767578125,107.53755125138281,102.37903266402812,105.41747957013126,26933300
2022-05-12,101.91007995605469,102.58420713100821,97.18144008139285,100.53252447916022,36298800
2022-05-13,104.86060333251953,105.21232121715128,102.88707437387906,102.93592697880163,16782600
2022-05-16,102.76005554199219,105.14391925823107,102.43764627797101,104.9875969045747,11993600
2022-05-17,106.14045715332031,106.28700750880569,103.8542984416472,105.25139791673435,11847600
2022-05-18,101.90031433105469,105.18300952117328,101.48997184189429,104.90944537711276,11794000
2022-05-19,100.76700592041016,102.87731329966081,100.59114697213927,101.05033464006111,11285000
2022-05-20,100.06356048583984,102.38880718380467,97.7480932528816,102.08593446916137,15650400
2022-05-23,103.39511108398438,103.59050658924922,99.22334921644716,101.37273704366417,14402400
2022-05-24,99.2526626586914,101.45089574297357,97.82625452957609,101.32388940371615,13970200
2022-05-25,100.88423919677734,101.42158055450487,98.83255660920003,99.09634128243201,11026600
2022-05-26,103.18016052246094,103.68819325414026,101.56812168789432,101.82214178066396,11297800
2022-05-27,106.80480194091797,106.85365453929286,104.07899242729074,104.430710264782,13671300
2022-05-31,107.89904022216797,108.68062964943117,105.42725070736584,107.46916119216402,20274600
2022-06-01,106.67780303955078,110.25359136424663,105.77896436241815,109.43292132226613,11829700
2022-06-02,108.31915283203125,108.39730656108914,105.42725614879112,106.91228135494012,8829900
2022-06-03,106.16976928710938,107.32262069292666,105.43702493901857,106.6582655191699,6767600
2022-06-06,105.34909057617188,107.65479319916993,105.1732316488632,107.22491416489086,7575900
2022-06-07,105.31001281738281,105.43701914735213,103.5611955082055,104.33302040692804,7279100
2022-06-08,104.870361328125,106.84389016327138,104.49910689707217,104.958294520711,7019500
2022-06-09,100.9233169555664,104.59680297835442,100.87446435448012,104.0789982038256,8261200
2022-06-10,97.11304473876953,99.77046522348532,97.09350071687172,99.09633809135745,15369700
2022-06-13,93.50794219970703,95.36422926020981,92.64819156658997,95.36422926020981,15239700
2022-06-14,92.0522232055664,94.05505311158332,90.95798905694105,94.05505311158332,12443700
2022-06-15,93.67402648925781,95.06136133050745,91.92520923873451,92.43324944929363,11751600
2022-06-16,92.11083984375,93.18552996456052,91.26086124869619,91.84705518242372,15298500
2022-06-17,92.1694564819336,93.76195881332688,91.31947789166624,91.84705466520816,15403800
2022-06-21,91.14361572265625,93.25391528784209,91.12407170181696,92.71657397652096,16649800
2022-06-22,91.34879302978516,92.43325523318559,89.89307638302255,90.04939129722634,11403500
2022-06-23,92.13038635253906,92.47233220195623,89.95169001963453,91.79820506034775,11348800
2022-06-24,95.53031921386719,96.30214413288687,93.20507989922643,93.25392504871735,11681200
2022-06-27,94.38724517822266,95.96997569747542,93.59588364552685,95.96020368548156,10793700
2022-06-28,93.71310424804688,98.09003324757059,93.57632591561115,97.44521471992206,16812400
2022-06-29,93.44932556152344,93.98666691501906,92.3550913782984,93.74241881237727,8653200
2022-06-30,92.22808074951172,93.24415370360512,90.41087435424892,92.24761731711381,10983500
2022-07-01,93.92804718017578,94.09413409649169,91.81774750722117,92.07176016022417,10543400
2022-07-05,94.94412994384766,94.99298254961813,90.18617386084327,92.09131367797474,10660600
2022-07-06,93.86943054199219,95.93088507948512,93.20507541919076,95.28606652476886,8640200
2022-07-07,95.18836212158203,95.28605986289816,93.72287364026066,94.67055738413272,7813100
2022-07-08,93.65448760986328,94.88550006244671,93.15621942245997,94.34815128643724,7717300
2022-07-11,91.4855728149414,93.14645700553636,91.2804052940228,92.81428314896172,7643700
2022-07-12,91.44648742675781,93.05852638242227,91.16315873543469,91.42695085839713,8665300
2022-07-13,90.80168151855469,91.1045467955887,88.91608577465777,90.0005480003833,12006400
2022-07-14,89.72697448730469,89.92237743101703,88.15402365011622,89.37526409634278,11146400
2022-07-15,93.00967407226562,93.1269158443787,90.56719305719709,90.7723680218601,14946700
2022-07-18,93.4981689453125,95.03204670280243,93.11714250869056,94.1429875019714,10430400
2022-07-19,97.3182144165039,97.55269050748586,94.45562636116475,94.45562636116475,13683400
2022-07-20,100.97216033935547,101.86122697734788,97.65038477773258,97.94348547141058,15112700
2022-07-21,101.78306579589844,101.85145496390685,99.27219569350378,100.34688581386168,8611300
2022-07-22,100.3566665649414,102.16410112302825,99.76070056873849,100.90377995665784,7803500
2022-07-25,100.32735443115234,101.01124614658093,99.46759632734422,100.41528017148146,6726700
2022-07-26,97.48429870605469,100.00494084112844,97.26935918934696,99.79000132442071,6346600
2022-07-27,101.11872100830078,101.26527137009951,98.49060886932294,98.64693124293787,9684800
2022-07-28,102.48650360107422,102.55489277048626,100.34688787340264,100.87446466052141,7970300
2022-07-29,103.65888977050781,103.89336585404622,100.99170475387511,102.72097798249388,10320000
2022-08-01,103.77613830566406,104.19624535357005,101.47043554792806,102.4572000007046,7769700
2022-08-02,102.3008804321289,103.91291949513754,102.21295468786019,103.30718148157389,9093000
2022-08-03,106.51170349121094,107.17605859219252,103.29740519575287,103.29740519575287,11243000
2022-08-04,105.63241577148438,106.9318099345859,105.18300018407075,106.41400518069324,7322400
2022-08-05,104.17669677734375,105.22207834567142,102.94569172191073,104.35255570724281,10100000
2022-08-08,106.59964752197266,108.6708742130833,105.4174875441048,105.72035282037564,13025900
2022-08-09,105.64217376708984,106.70709924053534,104.56748373751103,106.70709924053534,8776500
2022-08-10,109.84325408935547,110.07773017455855,107.38123656007221,109.89210669012544,26398700
2022-08-11,114.98224639892578,120.43385872699328,114.63052851274581,119.39824909205282,50375000
2022-08-12,118.77296447753906,118.8120450675771,116.18393315493687,116.26209433501295,21964800
2022-08-15,121.40108489990234,123.06196909670818,118.20631538856072,118.21608740022032,24628300
2022-08-16,122.08497619628906,123.57000890100448,120.6097155031978,121.86027210595954,14607300
2022-08-17,119.98443603515625,121.6160190322461,119.74995994276573,120.60971058410472,9140900
2022-08-18,119.84766387939453,120.29707951878162,118.90975200756138,120.17984519346557,7343900
2022-08-19,117.37586975097656,118.59711028646937,116.73105862424391,118.46033194280304,8702500
2022-08-22,113.27249908447266,115.49026851054666,113.02825098912325,114.99200030895298,11575800
2022-08-23,112.21734619140625,113.69260678317632,111.98287010555643,113.31158034847272,7180700
2022-08-24,113.731689453125,114.46443375693441,111.47483192876685,112.03171730150758,7840500
2022-08-25,114.75753021240234,115.06039548120343,113.43859191946711,114.32765115692155,6920900
2022-08-26,111.4455337524414,115.64660446798749,111.26967480495667,114.76730973056375,7807400
2022-08-29,110.9179458618164,111.83632110207834,109.82371914544693,109.95072547392253,6882700
2022-08-30,109.84325408935547,112.10987612327956,108.88579827283066,111.65068850993912,8060000
2022-08-31,109.50130462646484,111.13288006575657,109.27659310575432,110.27312947918695,7353000
2022-09-01,109.94094848632812,109.99956564237732,107.49846759947694,109.21797623090102,7718700
2022-09-02,108.64156341552734,111.26967563536837,108.28984551793296,110.44900551022232,8465100
2022-09-06,107.55709075927734,109.20821031618817,106.02321297486937,109.19843830501446,9537300
2022-09-07,110.09728240966797,110.36106709346724,107.34216397795375,107.34216397795375,8193900
2022-09-08,109.74555969238281,110.3903708098435,107.82088344350403,108.51454716322623,8443300
2022-09-09,112.52998352050781,112.8719293654522,110.58577075594361,110.66392448203062,9563100
2022-09-12,113.71214294433594,114.78683307565089,112.61790879118487,113.46789484840706,7923400
2022-09-13,109.18866729736328,111.20126915634049,108.61223793393596,110.44898832533816,10504600
2022-09-14,109.91165161132812,110.14612771435122,107.3519286859677,109.27660502235715,8610400
2022-09-15,108.22144317626953,111.7777023142194,108.16282601842136,109.80417352291346,9739800
2022-09-16,105.7594223022461,107.05882392176825,104.49910127134041,106.697334067461,15978800
2022-09-19,106.65825653076172,106.7071091313952,104.5772654409451,105.05598962093984,7979500
2022-09-20,105.0950698852539,105.91574735942119,104.40140619079625,105.78873357971156,6957400
2022-09-21,102.0859375,105.55426362762658,102.0859375,104.91921705376895,9776400
2022-09-22,99.8095474243164,102.25202843073926,99.67276163040506,101.81237737726684,10953400
2022-09-23,97.21074676513672,98.85209434535577,95.76479468933347,98.30498096990299,11976900
2022-09-26,95.86249542236328,98.34405697272739,95.80387081068547,96.67339343632615,9760500
2022-09-27,93.64472198486328,97.34752415186341,93.23438695730817,97.24005438933318,13360200
2022-09-28,97.11304473876953,97.57223235318357,93.25392033859023,93.5861016261099,12895500
2022-09-29,95.2079086303711,96.3314514074819,94.01598413567216,96.2630622360331,9435100
2022-09-30,92.1596908569336,95.2372182733308,92.11083825752247,94.27976248343784,12094900
2022-10-03,94.89527130126953,95.53031786658123,92.32578391383002,93.52748787304205,9468400
2022-10-04,99.10610961914062,99.18426334476978,95.96996496726281,96.40960855763565,10229000
2022-10-05,98.4808349609375,98.89116997192517,96.42914499827855,97.73831866448818,7562800
2022-10-06,97.73831939697266,99.12564679910537,97.57223247992727,98.11934583201106,6728200
2022-10-07,94.92459106445312,96.52685810377645,94.23091985792205,96.24352939569525,7051000
2022-10-10,92.9706039428711,95.4912387670263,92.247624172244,95.34468841060942,9532300
2022-10-11,90.95799255371094,92.87289679702626,90.5183489474999,92.62864869271776,8900900
2022-10-12,91.2608642578125,91.90567537001586,90.0786968866954,91.01661615621748,6156200
2022-10-13,94.41654205322266,94.73895132429259,88.62297700018702,89.46319103480913,11025400
2022-10-14,92.27693176269531,95.83318360120946,92.15969744190825,95.2274530668478,8202100
2022-10-17,95.09066772460938,95.7159422356553,94.04528620265506,94.1625205148136,7083800
2022-10-18,96.2142105102539,98.06072546700916,95.39353305510704,97.57222928894988,8533500
2022-10-19,96.71247863769531,99.5262216088668,96.2337544336849,98.12912213467006,11731000
2022-10-20,96.3216781616211,98.43198534589736,95.85272597880007,95.9699677514356,8212400
2022-10-21,99.69231414794922,99.94633428134459,95.6377938410072,96.08720949002293,10193400
2022-10-24,99.37967681884766,100.81585696516734,97.81649033280148,99.77047530382448,8221500
2022-10-25,101.95893096923828,102.32042085306877,99.68253680996938,99.80955059681128,7687500
2022-10-26,102.22271728515625,104.95829912469475,101.14802708171642,101.14802708171642,9203700
2022-10-27,102.03709411621094,104.41118607375134,101.9100803269251,103.3755690055584,8673500
2022-10-28,103.51234436035156,103.64912270342795,101.14802448276195,101.68537329760535,7250900
2022-10-31,104.08877563476562,104.44049351009184,102.40834744239832,103.22902496944643,8814800
2022-11-01,103.56119537353516,106.3358502377655,103.20947750991998,105.22207948760425,7955800
2022-11-02,99.47737884521484,103.63936909916653,99.44807026200964,103.02385903641155,9583200
2022-11-03,96.96649169921875,98.38312763922498,96.29236458579749,97.89463145938005,8978400
2022-11-04,97.28890228271484,98.83255202082975,95.8527223019282,98.82278001001984,11035800
2022-11-07,98.11935424804688,99.22335305786987,96.71248270331871,98.55899787884391,11355200
2022-11-08,97.6015396118164,99.62391352698093,95.79410521145802,98.42220962777407,27130300
2022-11-09,84.75409698486328,89.00401274923983,84.29490933019495,88.46667136171006,62029800
2022-11-10,88.37873077392578,88.41781136401953,85.59430395102432,87.68506707094755,36968100
2022-11-11,92.82405853271484,93.38094395368482,89.0040143201659,89.47297399491696,22373300
2022-11-14,92.11083984375,94.39700587530572,92.0424506757128,93.64471757303616,20598000
2022-11-15,93.31255340576172,94.94412905063464,91.54419195679057,93.79127763159188,15801900
2022-11-16,91.7884292602539,93.02921373188323,91.56372519156714,93.02921373188323,11137700
2022-11-17,89.345947265625,90.14708069303296,88.75975334744894,90.00053780388401,12306400
2022-11-18,89.68790435791016,91.01661460423922,88.81838172736751,90.72351390577884,10011700
2022-11-21,95.33493041992188,98.56877322600205,94.10391777662987,97.81649227690549,70273500
2022-11-22,93.99644470214844,95.42285281476393,92.50164741474524,94.76826964838727,25753700
2022-11-23,96.60501098632812,97.05442661985906,93.5763358754,93.79127540749325,15503200
2022-11-25,96.5952377319336,97.51360548565752,95.82341286975165,96.53661312145661,6664300
2022-11-28,93.4884033203125,96.84925204222635,93.23438321417925,95.95042084065989,13660000
2022-11-29,92.51140594482422,94.21137050885427,91.7591176779297,93.7912635095633,13205300
2022-11-30,95.61824798583984,95.68663715505205,91.71027842203276,92.76542453932676,15368100
2022-12-01,96.3216781616211,96.56592626421637,94.35792878353465,95.61824988738955,13855700
2022-12-02,97.1423568725586,97.39637698950325,94.77803699890788,95.21768060751228,12608100
2022-12-05,93.72288513183594,96.8785739949058,93.46886501018015,95.9797352845532,10764500
2022-12-06,90.16663360595703,93.791274680934,89.86376833336864,93.52749000059262,11492400
2022-12-07,90.02985382080078,90.6551283790358,89.16033115532205,90.52812204665892,10353400
2022-12-08,90.42064666748047,91.28039726819262,89.5608886129081,90.3717940675215,9351200
2022-12-09,91.2315444946289,92.72634907652225,89.78559996646179,90.24478757130547,10111900
2022-12-12,92.48210144042969,92.48210144042969,90.47926409782197,91.57349823701226,14140700
2022-12-13,92.52117156982422,95.14928334833483,91.41717290957025,94.269988752006,22882100
2022-12-14,91.98383331298828,93.27346294585166,90.48903617647166,92.3648597417529,11505400
2022-12-15,88.40803527832031,90.97752991806918,88.04655288086946,90.34248340257056,15957700
2022-12-16,88.0074691772461,88.98446148839528,86.76668476792513,88.11493892778128,26383900
2022-12-19,83.80641174316406,87.40174428197689,83.4449293046558,87.38220771254169,19225300
2022-12-20,85.01788330078125,85.81901684537553,83.78687812870349,84.09951542771928,14918400
2022-12-21,84.92018127441406,86.0730326541923,84.4903096685356,85.18397340793071,11004800
2022-12-22,84.67593383789062,84.73455845350584,82.74149296138813,84.05065926630792,15487400
2022-12-23,85.985107421875,86.0437245835102,83.79663897192353,84.07996767626173,11171600
2022-12-27,84.38284301757812,85.91672091005324,83.98227252370053,85.40868064727488,11561400
2022-12-28,82.23345184326172,84.69547696494799,82.1357540900845,84.09951098054793,12399500
2022-12-29,85.1741943359375,86.2098038534328,83.01504211244361,83.28859878092463,13045100
2022-12-30,84.881103515625,85.11558707632489,83.26907189551432,83.7575681328475,23231000
2023-01-03,86.92301177978516,87.90000414335903,85.80924108161976,86.93278379050176,14997100
2023-01-04,89.86376190185547,90.61604275065294,87.30403919683008,87.92931372031012,14957200
2023-01-05,89.80513000488281,90.3522507589353,88.42757474436601,89.55111737485596,11622600
2023-01-06,91.75912475585938,92.51141308078238,89.21894599730818,90.52811969412072,9828100
2023-01-09,92.58956146240234,93.4981646434327,91.29993186228121,92.25738764221451,11675800
2023-01-10,93.36138916015625,93.4395503392421,91.6614245112704,92.11084011022365,6914600
2023-01-11,94.11367797851562,94.32861749524528,92.86312892175432,93.71310752390846,8757300
2023-01-12,97.51361083984375,98.31474432432198,95.3251499109526,96.2337531577026,19764300
2023-01-13,97.11304473876953,97.30844023458555,95.75502591742529,97.09350071687172,12230200
2023-01-17,97.61131286621094,98.66645897819055,96.72224621706974,98.01187586847625,14914200
2023-01-18,96.7613296508789,98.80324021984437,96.4486923763147,97.97279815808263,11384500
2023-01-19,96.8004150390625,97.1618974799616,94.8855107057274,95.86250316888986,10973600
2023-01-20,101.09917449951172,101.2066368034811,97.01534606356431,98.03141157672817,14549900
2023-01-23,103.25833892822266,103.51235160951884,100.55206554955596,100.91355545520831,11479100
2023-01-24,103.56119537353516,105.94505923718022,99.65322573679799,102.29110226005136,8606700
2023-01-25,105.63241577148438,105.67149636002384,101.78306351973885,102.54511636160804,10008000
2023-01-26,107.17606353759766,107.23468815035359,105.09507240434411,105.68126635488,9204400
2023-01-27,107.01974487304688,108.03581783011488,106.64849045663865,106.74618820265553,10249700
2023-01-30,105.11460876464844,106.46286304745907,105.00714645817298,105.76919933774744,8548500
2023-01-31,105.99391174316406,106.21862329257402,104.9778386726158,105.1048524650975,8251700
2023-02-01,106.87319946289062,107.41054827159053,104.44049044157588,106.00367681162028,9975500
2023-02-02,110.60530853271484,110.91794580206061,107.1662985699113,108.1237469462188,13093200
2023-02-03,108.16282653808594,110.5369183425279,107.83065270353656,108.90534284112509,12472500
2023-02-06,107.3421630859375,107.88927647229961,106.03298932789278,107.6352563484054,11956500
2023-02-07,109.06166076660156,109.54039241744906,106.35539505269209,106.78527410117209,10844000
2023-02-08,109.20821380615234,110.72255507046722,107.75249715689263,109.61854884223456,27719900
2023-02-09,107.82087707519531,115.46095700597252,107.28352829749878,115.32417867235161,46137200
2023-02-10,105.57379913330078,107.2151467065907,104.74335706224842,106.45309380718122,15566000
2023-02-13,105.1830062866211,105.79850882064282,104.09854411677767,105.6128778777754,12341500
2023-02-14,105.1830062866211,105.94505917270338,103.38533637880856,104.36232878739827,10768100
2023-02-15,106.72665405273438,106.7559626338643,104.24509231430245,104.62611877671317,8156000
2023-02-16,103.39511108398438,105.53471944591918,103.26809729708756,105.07553926316072,9479900
2023-02-17,102.79914093017578,103.36579830784761,101.48996724568777,102.61350999000663,9492200
2023-02-21,99.74115753173828,101.34343203763726,99.48714485670712,101.16757309515206,10648200
2023-02-22,99.3405990600586,100.20034978845526,98.76416960114823,98.99865317114295,9885100
2023-02-23,99.38945007324219,99.70208737435968,97.31822329467559,99.11588591263582,10974800
2023-02-24,97.99234771728516,98.11935405498838,96.6831739315477,97.24005934126336,8523000
2023-02-27,98.1388931274414,99.13542964636392,97.75786665075374,98.41245728724644,6641200
2023-02-28,97.3182144165039,98.43198516599391,97.27913382569682,98.13888446187104,8233700
2023-03-01,96.27283477783203,97.33775294681136,95.84295572415047,96.90788134699051,7898300
2023-03-02,96.64408874511719,97.00557862520735,95.17860010984559,95.49123738721578,7776600
2023-03-03,98.8130111694336,98.85209176006681,96.60500624874994,97.37683114256991,7434300
2023-03-06,98.34406280517578,100.3371208277745,98.17796842507524,99.27220264367872,6773300
2023-03-07,96.78086853027344,98.61761908432152,96.61478160472761,98.09004227329882,6951300
2023-03-08,97.01535034179688,97.32798761821728,96.03835792125052,96.72224963408873,5668700
2023-03-09,93.92804718017578,97.74809097860349,93.71310766312682,97.16188958524799,8275600
2023-03-10,91.41717529296875,93.69356929229721,90.69420302996484,93.4004686012593,13978800
2023-03-13,90.46949768066406,91.8568251446904,88.37873447322698,89.7758339486509,11915300
2023-03-14,91.21200561523438,92.13038080164557,90.21546925256264,91.83728011759858,10323600
2023-03-15,90.95799255371094,91.21201266927274,89.30688043721074,89.52181250775931,9543800
2023-03-16,92.12061309814453,92.38439776303176,89.77582987772101,90.53788274724006,9931700
2023-03-17,91.0556869506836,92.10106850046355,90.77236571951903,91.88613643783188,12943200
2023-03-20,92.0522232055664,92.73611488979456,90.86029130974565,91.28039833116017,6657200
2023-03-21,94.31884765625,94.62171291651032,92.98036537825023,92.98036537825023,7285800
2023-03-22,92.71658325195312,95.67686912715816,92.63842206849658,95.2079094802796,8811100
2023-03-23,93.62518310546875,94.78779898818128,92.57980153981538,93.08783430607946,9527000
2023-03-24,91.91545104980469,92.81428231062307,90.87983398908186,92.62865136076637,9534600
2023-03-27,93.42001342773438,93.81080441400547,92.2085375179411,92.59933595807246,7487900
2023-03-28,92.63842010498047,93.79127144801677,92.41370857077095,93.31254725374846,5426100
2023-03-29,94.64125061035156,94.6803311983946,93.15621808015628,93.86942576768665,5889100
2023-03-30,95.84295654296875,96.64409004285375,95.42284949706195,96.4584665485187,7669500
2023-03-31,97.82624816894531,97.89463734007745,96.23375321037662,96.61477965723576,8920000
2023-04-03,97.46475982666016,98.11934291830227,96.98602820394265,97.90440340669198,7313200
2023-04-04,97.27913665771484,98.10957873842496,96.48777516894954,97.99234441645127,6794200
2023-04-05,97.61131286621094,97.87509753074075,96.36075635084853,97.4061379057473,7747200
2023-04-06,97.66992950439453,98.01187534691368,96.28260211253955,97.15212473517121,7042500
2023-04-10,98.49060821533203,98.49060821533203,96.62455647932622,97.01535495690753,8016600
2023-04-11,98.10957336425781,99.56529738248364,97.9825670377898,98.83255309484285,7504600
2023-04-12,95.68663787841797,99.86816415068513,95.45215433603741,98.92048033168001,9289200
2023-04-13,98.51991271972656,98.74462425754152,96.24352603070034,96.24352603070034,8745000
2023-04-14,97.6015396118164,98.53945139599384,96.65385581682226,98.18773354519477,7337300
2023-04-17,97.99234771728516,98.25613240447215,96.86880488607325,97.2791399345246,6705300
2023-04-18,98.60784912109375,98.82278865455214,97.30844736253957,98.29521183257087,8180100
2023-04-19,96.47798919677734,97.53314266502032,96.09696279777732,97.48429006869327,11523300
2023-04-20,95.81364440917969,96.31191262046516,95.14928927875253,95.50100713920575,7762700
2023-04-21,97.27913665771484,97.42568701404268,95.47170213996677,95.90158119749891,9468000
2023-04-24,97.38660430908203,98.422213884637,96.39983988200271,97.84579193714451,8540600
2023-04-25,95.7550277709961,97.41591187916372,95.7550277709961,97.09350259635195,6511400
2023-04-26,94.38724517822266,96.21422382029375,94.24069481375942,95.58894176832656,8634500
2023-04-27,97.63085174560547,97.76763008657916,94.48493499548961,94.89527001841067,8166500
2023-04-28,100.1417236328125,100.20034079311824,96.80041132589302,97.08374002380525,11329700
2023-05-01,99.85839080810547,100.24918925300167,99.27219686769135,100.05379375748375,6909500
2023-05-02,98.28543090820312,99.36012102417932,97.32798255998917,98.99863861783456,6955900
2023-05-03,98.5394515991211,100.21987967776727,98.3245120838719,98.73484709269658,7772100
2023-05-04,95.2079086303711,97.24982667024629,94.38723857298554,97.24982667024629,13260700
2023-05-05,98.207275390625,98.52968468016046,95.85272751976147,96.32167971012154,9300100
2023-05-08,100.60090637207031,101.51928159277891,99.35035732063922,99.36012187764142,10810100
2023-05-09,99.82909393310547,100.61069091453214,99.74116073211088,100.5423017376969,6829900
2023-05-10,98.8130111694336,100.8744657387078,97.73832101553181,100.63021763764554,19525200
2023-05-11,90.18617248535156,92.92175438183091,89.76606542526069,92.61888910148434,57127200
2023-05-12,89.87352752685547,90.74305015433622,89.14078323714514,90.21547337128155,21837500
2023-05-15,90.72351837158203,90.73329038304118,88.61321112805376,89.4338886518239,16792000
2023-05-16,88.88677978515625,90.29364389841525,88.6913768153556,89.92238943658572,17013300
2023-05-17,90.63558197021484,90.9091461043689,88.75975834489286,88.9258452645196,12461600
2023-05-18,91.60281372070312,92.07176592009203,90.3327205607916,90.7137470179929,15014800
2023-05-19,89.24826049804688,90.86029956168773,89.21895191661247,90.86029956168773,16429000
2023-05-22,89.70743560791016,89.82467737111598,87.82184010937779,89.22871145240794,14150600
2023-05-23,87.75346374511719,89.91261621889736,87.7436917332929,89.00401291962687,14778700
2023-05-24,87.02070617675781,87.43104116474244,86.3758951176191,87.38219602075945,15350800
2023-05-25,86.11211395263672,87.4994414428059,85.77016808588527,87.4994414428059,13605800
2023-05-26,86.25865936279297,87.18679915557107,86.07302842269318,86.45405486005349,12892700
2023-05-30,85.7994613647461,86.92300397271607,85.00810000656335,86.92300397271607,14800700
2023-05-31,85.93624877929688,86.14141628446404,85.14488733738636,85.5649943585935,11440600
2023-06-01,86.55175018310547,87.01093778804561,85.10580565463464,86.36612670206813,11993200
2023-06-02,88.68159484863281,89.23848020579567,87.53851555559226,87.56782413430709,14350200
2023-06-05,88.90630340576172,89.64881967513242,87.38219773261244,89.10169889324135,18506700
2023-06-06,90.03962707519531,90.38157293928502,88.92584883323616,89.00401001755975,12109100
2023-06-07,90.39132690429688,90.9384476765861,89.74651584384233,90.64534699665045,11082400
2023-06-08,90.40111541748047,90.54766578420123,89.19941880886508,90.39134340533607,9030200
2023-06-09,89.81491088867188,90.7821312696059,89.4436564631266,90.64535293104393,9625400
2023-06-12,90.9970703125,91.08500350332157,89.65858805916108,90.12754768453526,12341600
2023-06-13,91.69073486328125,92.26716425286237,91.29017185697475,91.95452698433274,12964400
2023-06-14,90.32294464111328,92.34531861639208,89.80513986033985,92.0913059584892,15877400
2023-06-15,90.80168151855469,91.36833147980207,89.50227975924594,89.94192338422184,13354600
2023-06-16,89.21894073486328,90.8309795964684,88.76952515018513,90.7430464093248,22683400
2023-06-20,87.68506622314453,88.69136718328274,87.67529421225046,88.21264300351861,14939200
2023-06-21,86.6006088256836,87.60690984092523,86.08280402784942,87.48967551921831,17873000
2023-06-22,86.45405578613281,87.13795494159127,86.09257336694269,86.40521063822467,10915300
2023-06-23,86.07303619384766,86.36613692006163,85.5943119646352,85.99487500634245,13538000
2023-06-26,86.65922546386719,87.43105037717912,85.75062220681498,86.014414336786,13132700
2023-06-27,87.01094055175781,87.59714195345157,86.4540551832371,86.85462564413714,10032700
2023-06-28,86.7862319946289,87.3431173344037,86.49313130891161,87.33334532385044,12118300
2023-06-29,86.9034652709961,87.06955963298344,85.33050701435464,85.77993004813219,13402600
2023-06-30,87.22587585449219,87.53851310847797,86.57129276862511,87.1281781102204,12837500
2023-07-03,88.41780090332031,88.85744444560517,86.86438676364494,87.06955424696851,7979500
2023-07-05,87.72415161132812,88.3103455814104,87.19657480209585,88.03678889229606,11028800
2023-07-06,86.69830322265625,86.78623641439364,85.76039141599998,86.6299140530207,12084600
2023-07-07,86.6006088256836,87.66553445563942,86.05349544742269,86.27819953326811,9705100
2023-07-10,86.07303619384766,86.63969362246876,85.83856008519314,86.21958655695465,13642600
2023-07-11,87.43104553222656,87.52874327893278,86.12187932787063,86.17072447429359,13735500
2023-07-12,88.07586669921875,88.6229800601479,87.50920931605042,88.03678610860088,14912100
2023-07-13,88.38850402832031,88.72067786799947,87.03048518236513,88.46666520960736,15325500
2023-07-14,86.5810775756836,88.40804877055422,86.38567460439984,88.32989503590191,17770000
2023-07-17,83.59146881103516,86.45405689092254,83.33745614940163,86.38566771988881,34503400
2023-07-18,83.97249603271484,85.29144177089645,83.34722147638698,83.54262443390236,21885100
2023-07-19,85.03741455078125,85.86785655274672,84.20697254881577,84.2167371054805,17177000
2023-07-20,84.22650909423828,85.1741928606761,84.05065017413786,84.84201158765973,15277500
2023-07-21,85.1741943359375,85.87763002852306,83.9041012850069,84.31444374158859,19901000
2023-07-24,84.6075439453125,85.93625426209567,84.55869879555271,85.47706662196109,13911900
2023-07-25,83.65985107421875,84.32420616105905,83.20067093739883,83.75755627093702,15335400
2023-07-26,83.88456726074219,84.28513026491667,83.4839968027073,83.69893632127622,14983700
2023-07-27,83.39608001708984,84.88110533063819,83.22999308177178,84.6075486244999,16691400
2023-07-28,84.14835357666016,84.58800463340725,83.48399843981034,83.88456890570033,13638300
2023-07-31,86.8448486328125,87.30403622589908,84.88109193947076,84.99833370383118,20837800
2023-08-01,86.98162841796875,87.66552754071066,86.42474307220499,87.06956160617364,13717500
2023-08-02,84.31444549560547,86.29773883721197,84.27536490588659,86.229349668669,15162700
2023-08-03,83.5230712890625,84.47075503139185,83.4839907018277,83.84548054335473,14145400
2023-08-04,84.31444549560547,85.10580693929704,83.48399600833469,83.96272764199581,11533900
2023-08-07,84.83226013183594,85.22305862061766,84.0115825600082,84.6661731966086,10818400
2023-08-08,86.10234069824219,86.29774365775172,84.11904724585011,84.50984571100844,16767900
2023-08-09,85.47705841064453,87.49943227216886,85.03741483573667,87.14771443069853,32517900
2023-08-10,89.6488265991211,90.40110748326582,85.73108490553095,87.90000927182705,56716800
2023-08-11,86.97186279296875,89.24825694259309,86.81554788025888,89.21894836232627,21998900
2023-08-14,86.76669311523438,87.24542476053247,85.96555964117412,86.94255204631396,13676400
2023-08-15,85.05696105957031,86.20004790105438,84.8908741305367,85.96556434421302,13677900
2023-08-16,84.36328887939453,85.05695256122335,84.09950422162983,84.54891981321498,12182700
2023-08-17,83.94319152832031,84.95926459515255,83.82595720197958,84.92018400175196,14206000
2023-08-18,83.98226928710938,84.72478562893673,83.40584732509369,83.40584732509369,12364400
2023-08-21,83.90410614013672,84.2655960180387,83.44492596510742,83.8357169690591,11215000
2023-08-22,83.81617736816406,84.10927061052452,83.40584235654323,83.73801618865714,9835300
2023-08-23,83.85527038574219,84.34376664926785,83.66963942036678,83.83572636103875,7576000
2023-08-24,80.57257080078125,83.97250044784386,80.56279878892651,83.54262882642946,27531000
2023-08-25,81.44208526611328,81.72541395033471,80.56279063471233,81.15875658189185,16050900
2023-08-28,82.22368621826172,82.74149101185381,81.60817621889998,81.90127692848755,12166400
2023-08-29,82.45816802978516,82.6047183947381,81.80358484737134,81.86220201180804,11210700
2023-08-30,82.3409194946289,82.73171795116868,81.90127588968451,82.458161267749,11816600
2023-08-31,81.75472259521484,82.66332580608754,81.71564200558093,82.51677545842543,10448000
2023-09-01,79.76166534423828,80.33809478253075,78.6772030968514,80.22085300172692,27701900
2023-09-05,79.322021484375,80.49440947362707,79.31224947253727,79.54672557961548,12741700
2023-09-06,79.1168441772461,80.20129883360288,78.67719314523755,78.93121324458514,15518500
2023-09-07,78.71627044677734,78.98982710210045,77.91513704739116,78.96051852529581,14768000
2023-09-08,79.70304107666016,79.7909668140302,78.32547822697944,78.68696809517505,16220900
2023-09-11,80.62141418457031,81.92081593989874,79.30247585982185,80.05476422505869,26579100
2023-09-12,81.75472259521484,82.72194296360826,80.67026045791968,81.11967605791925,16594600
2023-09-13,81.559326171875,82.11621152355936,81.20760832303644,81.4323123935465,9772700
2023-09-14,82.53631591796875,82.79032855883574,81.12944456730848,82.067356316462,22371900
2023-09-15,83.61100769042969,84.20697362443325,82.66332391164171,83.25928984564528,21631200
2023-09-18,83.06388854980469,83.94318317920946,83.0248154141514,83.27882806519922,11894200
2023-09-19,80.05475616455078,82.83918289285428,79.83004464261113,81.98919685837842,21478900
2023-09-20,80.6604995727539,81.28577418542166,79.76166824877667,80.14269473293793,12715200
2023-09-21,80.82658386230469,81.74495164207379,80.03521495623357,80.17199329479196,14378000
2023-09-22,79.38063049316406,81.43231299052302,79.33177789285493,81.00244141401579,11495300
2023-09-25,79.14615631103516,79.88866516731703,78.70650525927462,79.68349765803964,11034400
2023-09-26,78.20824432373047,78.88236400871071,77.95422421355187,78.64788792062456,14867900
2023-09-27,78.06169891357422,78.7065100600828,77.39734374373636,78.27663844703072,14662500
2023-09-28,78.2863998413086,79.05822474668553,77.81744765440907,78.43295019491242,12229800
2023-09-29,79.18523406982422,79.45879073907851,78.55995955328295,78.80420764424002,11261400
2023-10-02,79.79096984863281,79.88866760071308,78.9312191949215,79.05822552723977,9128100
2023-10-03,77.70997619628906,80.00590683978012,77.63181501555785,79.38063230165133,12586200
2023-10-04,77.49504089355469,77.95422853801438,76.91861892547864,77.77836959872897,12010500
2023-10-05,78.95075225830078,79.07776603884021,77.06515665681727,77.28009617416674,15466600
2023-10-06,81.03174591064453,81.60816780518135,78.63811023942272,79.18523101065452,15391100
2023-10-09,82.75125885009766,82.92711779205015,81.2173809773468,82.36046782696852,13604400
2023-10-10,83.03457641601562,83.32767709788823,81.99896692675638,82.83918093067386,9450600
2023-10-11,82.89779663085938,83.74778263028686,82.32137474151396,83.40583681000909,9499200
2023-10-12,82.40930938720703,83.11274512436705,81.58863932976077,82.87826902993393,9554900
2023-10-13,82.40930938720703,82.63402092419007,81.46162554430313,82.00874636979464,10808000
2023-10-16,83.7380142211914,83.95295373285516,82.37022342739853,82.37022342739853,10275100
2023-10-17,84.21674346923828,84.30467666288583,83.34722081332907,83.38630140452125,9985700
2023-10-18,82.73171997070312,84.27536981209342,82.6535587867151,83.71848442043499,10047000
2023-10-19,81.3346176147461,83.30813899068455,81.25645643351712,83.2983744334263,14316800
2023-10-20,80.7484359741211,81.52026098524324,80.70935537754839,80.99268411230425,10437000
2023-10-23,81.18806457519531,82.09666777878112,79.04845635038504,80.19153563603358,10772500
2023-10-24,80.6604995727539,82.2627666994477,79.85936600940701,81.49094917276511,11499500
2023-10-25,78.7358169555664,80.65072869234945,78.66742778309992,80.24038620368978,9372500
2023-10-26,77.9444580078125,78.75536354625477,77.59274012255707,78.23755873014568,11651000
2023-10-27,77.50480651855469,79.1656905663862,77.40710877230464,77.91514152512103,10300600
2023-10-30,78.8237533569336,79.06800147622828,77.70021051740585,77.88584147330535,10291200
2023-10-31,79.71280670166016,79.79096788294311,78.48180163882596,78.83351950073873,8672200
2023-11-01,79.20476531982422,79.7030334790052,78.3352427707031,79.65418088254954,9093000
2023-11-02,81.37370300292969,81.38347501462457,79.9375228920811,79.96683147330481,11518500
2023-11-03,83.11273956298828,83.95295358683421,82.22368039357838,82.23344495037507,11331800
2023-11-06,82.08690643310547,83.82595934144234,81.66679936065316,83.12252355000024,14160900
2023-11-07,82.64378356933594,82.73171676137657,82.0185090294088,82.22368399288345,10540200
2023-11-08,82.55586242675781,82.9661974688281,82.01851359509847,82.20414454673731,26942600
2023-11-09,88.26148986816406,89.1114759398429,85.58453277833458,85.8190088673334,51062700
2023-11-10,86.2391128540039,88.08563528301443,84.93971867235531,88.0563192507963,25175700
2023-11-13,87.38220977783203,87.83162542407302,85.39891623647205,86.38567327428198,12834400
2023-11-14,88.9747085571289,89.43389623445063,87.91955484590387,87.95863544119311,13152000
2023-11-15,91.7688980102539,92.3941725607112,90.60627464900021,90.85052275320574,20593100
2023-11-16,92.3355484008789,92.43324614438242,91.47579036878386,91.72981046498104,12923900
2023-11-17,91.98383331298828,93.18552975636585,91.75912178773363,92.57002724540614,12189300
2023-11-20,92.84359741210938,93.39071083470967,91.71028997188573,91.81775974473383,14105300
2023-11-21,92.27693176269531,92.77519998762239,91.79820756047322,92.55049590354005,7654800
2023-11-22,92.88267517089844,93.5079497644517,92.57980988604452,92.72636024944069,7328200
2023-11-24,93.84988403320312,94.28953506900349,92.71657676778435,92.71657676778435,5440500
2023-11-27,92.9803695678711,93.53725496555963,92.34532298534818,93.53725496555963,11049500
2023-11-28,90.37179565429688,92.95105495558094,90.32294305348013,92.81427661792651,18660300
2023-11-29,90.37179565429688,91.09476793245034,89.33618611095322,90.46949340206999,13857000
2023-11-30,90.55742645263672,91.70050575292007,90.07869481772666,91.39764049913397,13396700
2023-12-01,90.44995880126953,90.70397146023211,89.65858988321688,90.60627371033415,11898200
2023-12-04,89.89306640625,90.28386482917793,89.50226798332208,89.78559665359833,12602800
2023-12-05,88.7011489868164,89.66836946402022,87.86093484981555,89.50228252978685,12357000
2023-12-06,89.3947982788086,90.42064320781431,88.53504771099215,89.01377186606018,10462000
2023-12-07,90.22525787353516,91.24133099040112,89.54136609000105,89.68791645900447,10264700
2023-12-08,90.97998046875,91.68570873003439,90.2350442509328,90.2350442509328,9498200
2023-12-11,90.37227630615234,91.23483646941285,90.14683988395743,90.89177616727684,10811000
2023-12-12,89.2646713256836,90.37226805087622,89.05883516320459,90.29385961623163,13218400
2023-12-13,90.98979187011719,91.02899982990019,88.98042693062251,89.36269519081458,10173200
2023-12-14,92.0777816772461,92.95013815332821,91.36224955060692,91.36224955060692,12439300
2023-12-15,91.6072998046875,92.08758422208216,91.08780742776928,91.20543130633993,17551600
2023-12-18,91.0191879272461,91.85233643408851,90.86235610197302,90.86235610197302,9083600
2023-12-19,92.06797790527344,92.12678610160084,90.77414523899859,90.80354933716228,8804000
2023-12-20,89.46070861816406,92.40123820867194,89.4411083779482,91.39165757910213,13060600
2023-12-21,90.19584655761719,90.25466223818546,89.25487792821795,90.10763425399566,13037200
2023-12-22,89.21566772460938,90.41148433133476,88.95102334224323,89.80377964658521,9419800
2023-12-26,89.14705657958984,89.46071278472617,88.80399627368352,89.03923655799731,8086900
2023-12-27,88.58834838867188,89.13725230768691,88.25509197190662,89.10784820951976,11123500
2023-12-28,88.60795593261719,89.17646008991213,88.18647974402309,88.30409613646127,8479600
2023-12-29,88.50013732910156,88.80398965193962,88.07866113380042,88.3335091183938,9211000
2024-01-02,88.91181182861328,89.66655194184513,87.95124302033167,88.31390354914775,10587600
2024-01-03,89.83318328857422,90.25465950882383,88.21589046770227,88.44133436706291,11929800
2024-01-04,88.76478576660156,90.11743418844432,88.21588929289933,90.11743418844432,12087400
2024-01-05,89.0980453491211,89.50971768438045,88.56874914172197,88.61776095798518,9092100
2024-01-08,89.73516082763672,90.11742906123794,89.19606076581285,89.73516082763672,11103700
2024-01-09,87.89242553710938,89.294078240435,87.82381348078518,89.2450739020053,11255100
2024-01-10,87.51995849609375,88.03945083220567,87.11808255116004,88.03945083220567,15091600
2024-01-11,87.67679595947266,88.00025603990592,86.93186711006497,87.6179877550863,9642200
2024-01-12,88.55894470214844,89.02943270946925,87.87282414788181,87.87282414788181,11919400
2024-01-16,91.2054214477539,91.24462192488656,87.68658411194829,88.50013235827821,16780900
2024-01-17,88.54914093017578,91.90135022501052,88.31390066536125,90.74474166228872,15735200
2024-01-18,90.382080078125,90.67613603861598,88.61776674964031,88.86281089066487,12203200
2024-01-19,91.21522521972656,91.72492120158901,89.81357248683499,90.48989668354908,19790100
2024-01-22,93.1951904296875,93.34221841138515,91.02900109901383,91.02900109901383,15119400
2024-01-23,91.91114807128906,93.98912496505329,91.33284751978326,93.5382446677386,11559400
2024-01-24,91.6465072631836,93.36181622265494,91.41126698548196,92.54826789283452,10454900
2024-01-25,92.97954559326172,93.05796150987813,91.89154905420763,92.05817726840245,8661600
2024-01-26,93.4696273803711,93.6362555830238,92.8227073303271,93.11676325819307,7812800
2024-01-29,95.55741119384766,95.5672150533772,93.11677364175215,93.52844600414826,13422200
2024-01-30,95.01831817626953,95.60642261699073,94.10675367579789,94.60663833742638,9139600
2024-01-31,94.14595794677734,95.63582297010547,93.91071019718339,94.50861847396627,9592300
2024-02-01,95.13593292236328,95.9886892073728,93.99893202050414,94.45961619246951,8484800
2024-02-02,95.20454406738281,95.47899977858661,93.92051520068875,94.37139550900764,9321300
2024-02-05,94.73406219482422,95.43979048603563,94.5772303620424,94.7830665339535,11679300
2024-02-06,97.32173156738281,97.35113566768656,94.87129016668777,94.99871042738857,16455500
2024-02-07,97.1747055053711,97.31192962826572,94.72426405631866,95.45939649103438,28886300
2024-02-08,108.34870910644531,110.534498471296,104.68285116141095,104.95729937958475,60558400
2024-02-09,106.2413330078125,107.96644578669107,105.55521243117789,107.42734570636857,21509100
2024-02-12,107.12349700927734,108.8584062279762,105.69244013079914,105.74144447184723,13424000
2024-02-13,108.27030181884766,108.45653775808246,106.06490456091258,106.13351662092218,14594500
2024-02-14,109.34849548339844,109.46611936364036,107.49596236897227,108.38792663496089,11405500
2024-02-15,110.22084045410156,110.68152458897261,108.87800348360415,108.87800348360415,9961900
2024-02-16,109.38770294189453,110.32867154505394,108.95643033929254,109.79937530362295,8782200
2024-02-20,107.27051544189453,108.92700859370787,107.18229567081345,108.65256037817207,9770900
2024-02-21,105.53559875488281,107.05487527500016,105.11412257355789,106.32954678091296,10427500
2024-02-22,105.5062026977539,106.33935126531165,105.28076628018655,105.84926299284786,9266200
2024-02-23,105.60421752929688,105.85906552165793,103.73208424065551,105.43758931351036,11724000
2024-02-26,105.54541015625,106.60400261450697,105.25135420290522,105.38857832029184,8694200
2024-02-27,107.25090789794922,107.4077397231676,105.64341908022597,105.64341908022597,7595000
2024-02-28,108.60355377197266,108.83879402635132,106.50597676489345,106.62359315300635,10773000
2024-02-29,109.36809539794922,110.51490010539476,108.77018713615557,108.9368153459923,11658300
2024-03-01,109.73076629638672,109.92680610134543,108.82900562803837,109.2308816195883,7242400
2024-03-04,111.43626403808594,111.86753659498464,109.58373112847296,110.43647986194861,11558900
2024-03-05,110.63253021240234,112.90653951589,110.04441829816898,111.3578587676289,14929600
2024-03-06,107.87822723388672,111.05400459699736,107.08428663218581,110.83836456242341,14743900
2024-03-07,107.995849609375,108.87800997575559,107.03527332639317,108.50553811097633,8609300
2024-03-08,108.1330795288086,109.10345224483902,107.17250319426414,107.99585540646707,10009200
2024-03-11,110.0836181640625,110.67173003505654,107.848816984375,107.90762518021317,8794300
2024-03-12,110.23064422607422,110.71092859947302,109.42689982485149,110.28945242089567,8085000
2024-03-13,110.26986694335938,111.86755210115885,110.21105874066551,110.50510723228876,7267900
2024-03-14,109.83857727050781,110.12282935566436,107.33913165797121,109.5249210865684,10520500
2024-03-15,109.73076629638672,110.72074674650496,109.19167365859656,109.38770598540135,15364200
2024-03-18,111.59310150146484,112.16160570938219,110.06402843838737,110.06402843838737,11820800
2024-03-19,112.2400131225586,112.88692572399773,110.99518477964111,111.16182046805787,10999700
2024-03-20,114.15135192871094,114.20036374395725,112.09298281696745,112.33802693689293,11699600
2024-03-21,114.38660430908203,115.03352444373922,113.56325956841347,114.67085641569014,10353500
2024-03-22,113.57305908203125,115.327575996825,113.54364750400097,114.60223996848329,7144800
2024-03-25,116.99388122558594,117.04289304753932,114.55324355102019,114.65125971677286,12103600
2024-03-26,117.55256652832031,118.01325067427634,115.84706153274436,117.25851059060064,11870000
2024-03-27,118.58175659179688,119.61093743278127,117.64078056839222,118.56214887397627,10782800
2024-03-28,119.93440246582031,121.28704340377038,118.79739408580008,118.84640590423851,15367400
2024-04-01,119.120849609375,119.97360586195711,118.38571722967937,119.64034196118872,8419700
2024-04-02,120.3852767944336,121.08120120837607,117.77801120685709,117.83681940353716,15517100
2024-04-03,116.62140655517578,121.23803710322646,116.03329465603787,119.84618075050727,22480400
2024-04-04,114.76886749267578,117.8074207495584,114.64144723459597,116.85664830914125,13815400
2024-04-05,116.03329467773438,116.50378270150199,113.99453318315051,114.28858165462101,9653900
2024-04-08,115.02371215820312,116.17051688219354,114.50421980348028,115.68042862631866,6266000
2024-04-09,115.63143157958984,116.16072782669167,114.57283908538619,115.05312351254842,7451100
2024-04-10,114.86688995361328,115.22955048372633,114.06314549807011,114.28858191222362,6746300
2024-04-11,114.82769012451172,115.93528698978675,114.0631535734233,115.25896274313746,6559400
2024-04-12,111.74992370605469,114.38659337871023,111.47547548539045,114.08274105985384,12155200
2024-04-15,110.71092987060547,113.25939468837228,110.53449780596243,112.602670766663,9637100
2024-04-16,111.62250518798828,112.23021735400559,110.2894644534788,110.58352041597351,9291400
2024-04-17,110.70114135742188,111.94596227887071,110.6521295389228,111.74012610185099,7379000
2024-04-18,110.20124053955078,111.98516141126494,109.9660002812349,110.93637289017178,8235600
2024-04-19,110.377685546875,110.48550556919577,108.87801657224568,109.50532898675527,9436000
2024-04-22,109.76996612548828,111.3872588753556,109.53472585511861,110.85796265840884,6901700
2024-04-23,111.45587158203125,111.97536394294546,110.56391483434825,110.59331893354666,6839300
2024-04-24,111.66170501708984,111.9165530008172,110.897168544061,110.897168544061,6157200
2024-04-25,110.53450012207031,110.65212399368134,108.20168275460051,109.01523104073212,8045900
2024-04-26,110.49530792236328,110.77955254662012,109.11325537045184,109.6327477555577,6304800
2024-04-29,109.85818481445312,111.62249804201024,108.15267230621531,110.7991533647809,7151200
2024-04-30,108.89761352539062,109.81898187807359,108.60356504642945,109.77977391858138,8156600
2024-05-01,108.28990936279297,109.76997058034466,108.02525750450239,109.08384998135736,6338400
2024-05-02,110.38748168945312,110.63252581793235,108.3683129856401,109.22106924488298,6799800
2024-05-03,111.40686798095703,111.84794442816256,110.56391556696798,111.28924410523061,7411100
2024-05-06,114.16116333007812,114.62184750248016,111.88715404605074,112.52427029558223,16303200
2024-05-07,103.3008041381836,105.74144160966475,102.14419553097325,105.1239330864669,55084600
2024-05-08,103.34980773925781,104.36919214915606,102.36963128491175,102.8205115565326,15238100
2024-05-09,103.70268249511719,104.02613507482317,102.32062996325526,102.54607386125994,15096000
2024-05-10,103.69287109375,104.89848398076957,103.33020310269572,104.80046782804365,15884600
2024-05-13,103.7320785522461,104.5260191071117,103.49683081305008,103.49683081305008,9666400
2024-05-14,103.2615966796875,103.88890906512961,102.86952456924782,103.21259233972849,11278400
2024-05-15,100.73273468017578,103.78108416515035,99.38009381485858,103.52624366178468,20745600
2024-05-16,101.32085418701172,101.96776683108551,100.80135432606218,100.99739412589797,9476700
2024-05-17,101.2032241821289,101.76192449107845,100.99738801337415,101.57568856204418,7356000
2024-05-20,100.86015319824219,101.61488573692226,100.48768137969795,101.28162934996423,7667400
2024-05-21,100.9679946899414,101.64431146569636,100.68374257566303,100.94838696997513,7333300
2024-05-22,100.977783203125,101.77173128050141,100.71313882943518,100.93858272255528,7190300
2024-05-23,98.6645736694336,100.96798703261287,98.28229794062348,100.93858293304751,10504000
2024-05-24,99.74276733398438,100.06621991050544,98.69397872974075,98.85080308833375,6451600
2024-05-28,100.4092788696289,100.82095118772051,98.94881056120649,99.35068649897656,7813100
2024-05-29,98.88021087646484,100.05642726147691,98.77239085421823,99.7427710544378,7376300
2024-05-30,99.68394470214844,100.0466126907099,98.96842006182969,99.13504826813372,7300600
2024-05-31,101.85013580322266,102.01676400053927,99.39969474332204,99.50750727005723,14735800
2024-06-03,100.73273468017578,102.15399507888354,100.44849007858738,102.1049832630769,6908600
2024-06-04,101.2816390991211,101.43846344979913,99.61533456947858,100.08582257781909,7269100
2024-06-05,99.4879150390625,101.03659570831897,99.02723088621946,100.95817979333435,10796900
2024-06-06,99.20366668701172,99.90939499210991,98.81159457549566,99.0468423292974,10294700
2024-06-07,99.5271224975586,100.24264715328434,98.55674985848721,98.8606021798376,6047800
2024-06-10,100.70333099365234,100.81115100634521,98.64496184996213,99.24287011011235,7621900
2024-06-11,98.87040710449219,100.84055650230606,98.74297937236913,100.60531623414907,9134200
2024-06-12,98.80180358886719,99.67416015858977,98.262703471329,99.19386824363613,9041800
2024-06-13,98.1058578491211,99.06643406597317,97.63537733821008,98.6155537937864,10164600
2024-06-14,97.98825073242188,98.39011922859471,97.28252242112426,97.83141889517636,7087600
2024-06-17,99.50751495361328,99.89958704910208,98.62536208645501,98.97822622457961,10389000
2024-06-18,99.4879150390625,99.74276302368587,98.61555854978012,99.11545066011546,7044700
2024-06-20,99.82117462158203,99.91919825749358,98.39011777948481,98.57635371393253,7886900
2024-06-21,100.2426528930664,100.50730475042796,99.57613253718121,99.78197619430847,14137300
2024-06-24,99.95840454101562,101.03659721459157,99.88979248391952,100.2230489103425,7393600
2024-06-25,100.17404174804688,101.62470635168476,99.75256552682775,100.62492954780532,10296100
2024-06-26,100.1544418334961,100.34067777408339,99.4193094088457,99.87999359146454,10122300
2024-06-27,100.14463806152344,100.25245808215209,99.79177389913039,100.01721779994129,8365200
2024-06-28,97.32173156738281,100.54651334807593,96.42976730801604,99.99760938917574,21439400
2024-07-01,96.09651184082031,97.76280901891673,95.93968000007281,97.42955257455895,15299000
2024-07-02,96.04750061035156,96.04750061035156,95.02811607369966,95.99849626843262,13340300
2024-07-03,96.65520477294922,97.11588892211682,95.890668303332,95.90046468401198,5030000
2024-07-05,96.04750061035156,96.36115681561724,95.64563210273951,96.36115681561724,8550800
2024-07-08,95.8801040649414,96.78602496141718,95.40744543788874,96.19520731209185,8167600
2024-07-09,95.56499481201172,96.03764589670664,94.67876463739182,95.97856638928315,9044400
2024-07-10,95.48621368408203,95.7914678116349,94.77722956994984,95.46651550721543,7761100
2024-07-11,95.12187194824219,96.08687976707832,94.82646691095594,95.52560193231591,7422600
2024-07-12,95.64376831054688,96.33306180929092,95.49606953685168,95.61422855580784,6465700
2024-07-15,95.38774871826172,95.99825699500394,95.12187590971294,95.84070913775398,7417700
2024-07-16,96.96326446533203,97.20943909532926,95.06279602124731,95.53544710375603,10755500
2024-07-17,95.82101440429688,97.10112553648665,95.05295073004454,96.79587138714375,9456100
2024-07-18,95.30896759033203,96.55953136498769,95.20065015559966,95.87024542819374,7529400
2024-07-19,94.27503967285156,95.3385159392111,93.97963460729876,95.3385159392111,9301000
